-- phpMyAdmin SQL Dump
-- version 4.9.2
-- https://www.phpmyadmin.net/
--
-- Host: 127.0.0.1
-- Generation Time: Jan 07, 2020 at 06:05 AM
-- Server version: 10.4.10-MariaDB
-- PHP Version: 7.3.12

SET SQL_MODE = "NO_AUTO_VALUE_ON_ZERO";
SET AUTOCOMMIT = 0;
START TRANSACTION;
SET time_zone = "+00:00";


/*!40101 SET @OLD_CHARACTER_SET_CLIENT=@@CHARACTER_SET_CLIENT */;
/*!40101 SET @OLD_CHARACTER_SET_RESULTS=@@CHARACTER_SET_RESULTS */;
/*!40101 SET @OLD_COLLATION_CONNECTION=@@COLLATION_CONNECTION */;
/*!40101 SET NAMES utf8mb4 */;

--
-- Database: `chotot`
--

-- --------------------------------------------------------

--
-- Table structure for table `danhmuc`
--

CREATE TABLE `danhmuc` (
  `IdDanhMuc` int(11) NOT NULL,
  `TenDanhMuc` varchar(255) COLLATE utf8mb4_unicode_ci NOT NULL,
  `ThuocDanhMuc` int(11) NOT NULL
) ENGINE=InnoDB DEFAULT CHARSET=utf8mb4 COLLATE=utf8mb4_unicode_ci;

--
-- Dumping data for table `danhmuc`
--

INSERT INTO `danhmuc` (`IdDanhMuc`, `TenDanhMuc`, `ThuocDanhMuc`) VALUES
(1, 'Đồ điện tử', 0),
(2, 'Xe cộ', 0),
(3, 'Điện lạnh', 0),
(4, 'Đồ gia dụng, nội thất', 0),
(5, 'Thời trang', 0),
(6, 'Giải trí, sở thích', 0),
(7, 'Điện thoại', 1),
(8, 'Máy tính bảng', 1),
(9, 'Laptop', 1),
(10, 'Máy tính để bàn', 1),
(11, 'Máy ảnh & Máy quay', 1),
(12, 'TV & Âm thanh', 1),
(13, 'Thiết bị đeo thông minh', 1),
(14, 'Phụ kiện (chuột, màn hình, ...)', 1),
(15, 'Linh kiện (Ram, card, ...)', 1),
(16, 'Ô tô', 2),
(17, 'Xe máy', 2),
(18, 'Xe tải, xe ben', 2),
(19, 'Xe điện', 2),
(20, 'Xe đạp', 2),
(21, 'Tủ lạnh', 3),
(22, 'Máy lạnh, điều hoà', 3),
(23, 'Máy giặt', 3),
(24, 'Quần áo', 5),
(25, 'Đồng hồ', 5),
(26, 'Giày dép', 5),
(27, 'Túi xách', 5),
(28, 'Trang sức', 5),
(29, 'Phụ kiện khác', 5),
(30, 'Nhạc cụ', 6),
(31, 'Sách', 6),
(32, 'Đồ sưu tầm, đồ cổ', 6),
(33, 'Thiết bị chơi game', 6),
(34, 'Sở thích khác', 6),
(66, 'ahdjahsas', 1);

-- --------------------------------------------------------

--
-- Table structure for table `daugia`
--

CREATE TABLE `daugia` (
  `Id` int(11) NOT NULL,
  `IdSanPham` int(11) NOT NULL,
  `IdNguoiDung` int(11) NOT NULL,
  `TenNguoiMua` varchar(255) COLLATE utf8mb4_unicode_ci NOT NULL,
  `Gia` int(11) NOT NULL,
  `NgayDauGia` datetime NOT NULL
) ENGINE=InnoDB DEFAULT CHARSET=utf8mb4 COLLATE=utf8mb4_unicode_ci;

--
-- Dumping data for table `daugia`
--

INSERT INTO `daugia` (`Id`, `IdSanPham`, `IdNguoiDung`, `TenNguoiMua`, `Gia`, `NgayDauGia`) VALUES
(12, 21, 14, 'Phạm Ngọc Sơn', 30050000, '2020-01-06 08:18:47'),
(13, 22, 14, 'Phạm Ngọc Sơn', 23090000, '2020-01-06 08:31:59'),
(14, 23, 14, 'Phạm Ngọc Sơn', 29590000, '2020-01-06 08:32:17'),
(15, 24, 14, 'Phạm Ngọc Sơn', 23139000, '2020-01-06 08:32:38'),
(16, 25, 14, 'Phạm Ngọc Sơn', 240000, '2020-01-06 08:33:02'),
(17, 26, 14, 'Phạm Ngọc Sơn', 510000, '2020-01-06 08:33:16'),
(18, 27, 14, 'Phạm Ngọc Sơn', 12700000, '2020-01-06 08:33:29'),
(19, 28, 14, 'Phạm Ngọc Sơn', 4940000, '2020-01-06 08:33:49'),
(20, 29, 14, 'Phạm Ngọc Sơn', 4860000, '2020-01-06 08:34:12'),
(21, 30, 14, 'Phạm Ngọc Sơn', 7060000, '2020-01-06 08:34:35'),
(22, 31, 14, 'Phạm Ngọc Sơn', 16400000, '2020-01-06 08:35:01'),
(23, 32, 14, 'Phạm Ngọc Sơn', 15120000, '2020-01-06 08:35:18'),
(24, 33, 14, 'Phạm Ngọc Sơn', 15790000, '2020-01-06 08:35:42'),
(25, 34, 14, 'Phạm Ngọc Sơn', 39000000, '2020-01-06 08:36:03'),
(26, 35, 14, 'Phạm Ngọc Sơn', 1600000, '2020-01-06 08:36:50'),
(27, 36, 14, 'Phạm Ngọc Sơn', 5420000, '2020-01-06 08:37:16'),
(41, 23, 16, 'Phạm Hoàng Hải', 30290000, '2020-01-06 08:43:33'),
(42, 46, 16, 'Phạm Hoàng Hải', 31390000, '2020-01-06 08:43:47'),
(43, 47, 16, 'Phạm Hoàng Hải', 95290000, '2020-01-06 08:44:15'),
(44, 48, 16, 'Phạm Hoàng Hải', 6030000, '2020-01-06 08:44:43'),
(50, 21, 15, 'Trịnh Huy Hùng', 30350000, '2020-01-06 10:03:21'),
(52, 23, 15, 'Trịnh Huy Hùng', 30590000, '2020-01-06 10:04:16'),
(53, 50, 15, 'Trịnh Huy Hùng', 332000, '2020-01-06 10:05:06'),
(54, 47, 15, 'Trịnh Huy Hùng', 95590000, '2020-01-06 10:06:50'),
(55, 52, 15, 'Trịnh Huy Hùng', 89500000, '2020-01-06 10:07:08'),
(56, 40, 15, 'Trịnh Huy Hùng', 3960000, '2020-01-06 10:08:28'),
(57, 42, 15, 'Trịnh Huy Hùng', 2560000, '2020-01-06 10:08:45'),
(58, 21, 13, 'Trần Minh Châu', 30450000, '2020-01-06 10:32:49'),
(59, 25, 13, 'Trần Minh Châu', 250000, '2020-01-06 10:33:00'),
(60, 28, 13, 'Trần Minh Châu', 4990000, '2020-01-06 10:33:12'),
(61, 29, 13, 'Trần Minh Châu', 4870000, '2020-01-06 10:33:26'),
(62, 32, 13, 'Trần Minh Châu', 15370000, '2020-01-06 10:33:36'),
(63, 43, 13, 'Trần Minh Châu', 74200000, '2020-01-06 10:33:49'),
(64, 34, 13, 'Trần Minh Châu', 39100000, '2020-01-06 10:34:08'),
(65, 46, 13, 'Trần Minh Châu', 31490000, '2020-01-06 10:34:28'),
(66, 26, 12, 'Phạm Minh Toàn', 520000, '2020-01-06 10:35:00'),
(67, 30, 12, 'Phạm Minh Toàn', 7070000, '2020-01-06 10:35:10'),
(68, 35, 12, 'Phạm Minh Toàn', 1610000, '2020-01-06 10:35:23'),
(69, 31, 12, 'Phạm Minh Toàn', 16500000, '2020-01-06 10:35:33'),
(70, 41, 12, 'Phạm Minh Toàn', 12100000, '2020-01-06 10:35:49'),
(71, 47, 12, 'Phạm Minh Toàn', 95690000, '2020-01-06 10:36:03'),
(72, 30, 12, 'Phạm Minh Toàn', 7080000, '2020-01-06 10:36:19'),
(73, 31, 11, 'Nguyễn Minh Quân', 16600000, '2020-01-06 10:37:25'),
(74, 37, 11, 'Nguyễn Minh Quân', 26000000, '2020-01-06 10:37:38'),
(75, 33, 11, 'Nguyễn Minh Quân', 15890000, '2020-01-06 10:38:46'),
(76, 26, 11, 'Nguyễn Minh Quân', 530000, '2020-01-06 10:39:02'),
(79, 24, 12, 'Phạm Minh Toàn', 23239000, '2020-01-06 11:12:01'),
(80, 52, 11, 'Nguyễn Minh Quân', 89600000, '2020-01-07 09:26:48'),
(81, 22, 12, 'Phạm Minh Toàn', 23190000, '2020-01-07 11:19:02'),
(82, 22, 12, 'Phạm Minh Toàn', 23290000, '2020-01-07 11:20:18');

-- --------------------------------------------------------

--
-- Table structure for table `nangcap`
--

CREATE TABLE `nangcap` (
  `IdNangCap` int(11) NOT NULL,
  `IdNguoiDung` int(11) NOT NULL
) ENGINE=InnoDB DEFAULT CHARSET=utf8mb4 COLLATE=utf8mb4_unicode_ci;

--
-- Dumping data for table `nangcap`
--

INSERT INTO `nangcap` (`IdNangCap`, `IdNguoiDung`) VALUES
(2, 15),
(3, 16),
(4, 17),
(5, 12);

-- --------------------------------------------------------

--
-- Table structure for table `nguoidung`
--

CREATE TABLE `nguoidung` (
  `IdNguoiDung` int(11) NOT NULL,
  `TenDangNhap` varchar(255) COLLATE utf8mb4_unicode_ci NOT NULL,
  `MatKhau` varchar(255) COLLATE utf8mb4_unicode_ci NOT NULL,
  `HoVaTen` varchar(255) COLLATE utf8mb4_unicode_ci NOT NULL,
  `Email` varchar(255) COLLATE utf8mb4_unicode_ci NOT NULL,
  `NgaySinh` date NOT NULL,
  `LoaiNguoiDung` int(11) NOT NULL,
  `DiemCong` int(11) NOT NULL,
  `DiemTru` int(11) NOT NULL
) ENGINE=InnoDB DEFAULT CHARSET=utf8mb4 COLLATE=utf8mb4_unicode_ci;

--
-- Dumping data for table `nguoidung`
--

INSERT INTO `nguoidung` (`IdNguoiDung`, `TenDangNhap`, `MatKhau`, `HoVaTen`, `Email`, `NgaySinh`, `LoaiNguoiDung`, `DiemCong`, `DiemTru`) VALUES
(11, 'bidder1', '$2a$10$.6433/0lWqYCuSB7r6wti.uMMw6G3aFFAJwAFf19cbYMwvHBYHhLW', 'Nguyễn Minh Quân', 'nguyenminhquan@gmail.com', '1999-01-22', 1, 2, 0),
(12, 'bidder2', '$2a$10$wnhG/aS898hdM2ghB5k8ZObzChfD65t3mi8VFgJX7EQSGWFNJDw4.', 'Phạm Minh Toàn', 'phamminhtoan@gmail.com', '1997-06-24', 1, 2, 0),
(13, 'bidder3', '$2a$10$lEEStrb44K/7zmvE1woNneGdqnIvsBIFj8h.qAuUf/VUbiohf3iVq', 'Trần Minh Châu', 'tranminhchau@gmail.com', '1998-11-11', 1, 3, 0),
(14, 'bidder', '$2a$10$vaH28YXywJYmHq.dWj/k0OsfMFaa82RjCmrmT1QijYfC89NWEOX8O', 'Phạm Ngọc Sơn', 'pns1681999@gmail.com', '1999-08-16', 1, 1, 0),
(15, 'seller1', '$2a$10$rVbxjaxXaov4Ijb1n5S2leiblWOb/bsGrfb4IdeQwh.X0/Ax9gI/C', 'Trịnh Huy Hùng', 'trinhhuyhung@gmail.com', '1989-09-06', 2, 1, 0),
(16, 'seller2', '$2a$10$3rpP4XKJrSFuvs.TqZXwRuKid573leyow47U1RaYlRgaZ0Q6CL8gS', 'Phạm Hoàng Hải', 'phamhoanghai@gmail.com', '1996-08-09', 2, 1, 0),
(17, 'seller3', '$2a$10$RqTLhhM.7mj3Y0gtgC2SGOfdwZVVDCGy0x7AQLoDjcxPPhu1u57mW', 'Phan Văn Tuấn', 'phanvantuan@gmail.com', '1999-06-07', 2, 0, 0),
(18, 'seller', '$2a$10$zinULViVS/s3A9sNqT3JkuXSbdAjKcM6s5/F3z7PQHhUvL6A9BpLa', 'Phạm Tấn Tài', 'tai45236@gmail.com', '1999-09-09', 2, 1, 0),
(19, 'admin', '$2a$10$WC8jz34RUAywZJw.qJY7f.qhqhCKfHthxpfJ7F71rEOe4OBsP/Osa', 'admin', 'webapponlineauction@gmail.com', '2000-01-01', 0, 0, 0);

-- --------------------------------------------------------

--
-- Table structure for table `quyendaugia`
--

CREATE TABLE `quyendaugia` (
  `Id` int(11) NOT NULL,
  `IdNguoiMua` int(11) NOT NULL,
  `IdSanPham` int(11) NOT NULL,
  `Quyen` int(11) NOT NULL,
  `IdNguoiBan` int(11) NOT NULL
) ENGINE=InnoDB DEFAULT CHARSET=utf8mb4 COLLATE=utf8mb4_unicode_ci;

--
-- Dumping data for table `quyendaugia`
--

INSERT INTO `quyendaugia` (`Id`, `IdNguoiMua`, `IdSanPham`, `Quyen`, `IdNguoiBan`) VALUES
(12, 17, 21, 1, 18),
(13, 17, 22, 1, 18),
(14, 17, 23, 2, 18),
(15, 11, 21, 2, 18),
(16, 11, 22, 0, 18),
(17, 11, 24, 2, 18),
(18, 12, 27, 0, 18),
(19, 15, 22, 0, 18),
(20, 12, 23, 0, 18);

-- --------------------------------------------------------

--
-- Table structure for table `sanpham`
--

CREATE TABLE `sanpham` (
  `IdSanPham` int(11) NOT NULL,
  `TenSanPham` varchar(255) COLLATE utf8mb4_unicode_ci NOT NULL,
  `LoaiSanPham` int(11) NOT NULL,
  `ChiTiet` varchar(5000) COLLATE utf8mb4_unicode_ci NOT NULL,
  `GiaKhoiDiem` int(11) NOT NULL,
  `NgayDang` datetime NOT NULL,
  `NgayHetHan` datetime DEFAULT NULL,
  `GiaBanToiThieu` int(11) DEFAULT NULL,
  `GiaHienTai` int(11) DEFAULT NULL,
  `IdNguoiBan` int(11) NOT NULL,
  `IdNguoiThang` int(11) DEFAULT NULL,
  `GiaMuaNgay` int(11) DEFAULT NULL,
  `SoLuotRaGia` int(11) DEFAULT NULL,
  `BuocGia` int(11) DEFAULT NULL,
  `TinhTrang` int(11) DEFAULT NULL,
  `TuGiaHan` int(11) DEFAULT NULL,
  `DanhGia` int(11) DEFAULT NULL,
  `SoHinh` int(11) NOT NULL
) ENGINE=InnoDB DEFAULT CHARSET=utf8mb4 COLLATE=utf8mb4_unicode_ci;

--
-- Dumping data for table `sanpham`
--

INSERT INTO `sanpham` (`IdSanPham`, `TenSanPham`, `LoaiSanPham`, `ChiTiet`, `GiaKhoiDiem`, `NgayDang`, `NgayHetHan`, `GiaBanToiThieu`, `GiaHienTai`, `IdNguoiBan`, `IdNguoiThang`, `GiaMuaNgay`, `SoLuotRaGia`, `BuocGia`, `TinhTrang`, `TuGiaHan`, `DanhGia`, `SoHinh`) VALUES
(21, 'Điện Thoại iPhone 11 Pro Max 64GB - Hàng Chính Hãng', 7, '<ul>\r\n<li>Ch&iacute;nh h&atilde;ng, Nguy&ecirc;n seal, Mới 100%, Chưa active</li>\r\n<li>M&atilde; part: VN/A</li>\r\n<li>Thiết kế: Nguy&ecirc;n khối</li>\r\n<li>M&agrave;n h&igrave;nh: OLED (Super Retina XDR), 6.5 inch, 2688 x 1242 pixels</li>\r\n<li>Camera Trước/Sau: 12MP / 12MP + 12MP + 12MP</li>\r\n<li>CPU: Apple A13 Bionic (7 nm+)</li>\r\n<li>Bộ Nhớ: 64 GB</li>\r\n<li>RAM: 4GB</li>\r\n<li>SIM: 1 Nano SIM + 1 esim</li>\r\n<li>T&iacute;nh năng: Chống nước, chống bụi, Face ID, Sạc pin nhanh</li>\r\n</ul>', 29950000, '2020-01-07 11:10:08', '2020-01-16 02:45:08', 0, 30450000, 18, 13, 0, 3, 100000, 0, 0, 0, 5),
(22, 'Điện Thoại iPhone 11 128GB - Hàng Chính Hãng', 7, '<ul>\r\n<li>Nguy&ecirc;n seal, Mới 100%, Chưa Active</li>\r\n<li>C&ocirc;ng nghệ m&agrave;n h&igrave;nh: IPS LCD</li>\r\n<li>Độ ph&acirc;n giải: 828 x 1792 pixels</li>\r\n<li>M&agrave;n h&igrave;nh rộng: 6.1 inches</li>\r\n<li>Camera sau: 12 MP + 12 MP</li>\r\n<li>Quay phim: 2160p@24/30/60fps, 1080p@30/60/120/240fps, HDR, stereo sound rec.</li>\r\n<li>Camera trước: 12 MP, f/2.2</li>\r\n<li>Hệ điều h&agrave;nh: iOS 13</li>\r\n<li>Chipset (CPU): Apple A13 Bionic 6 nh&acirc;n</li>\r\n<li>RAM: 4 GB</li>\r\n<li>Bộ nhớ trong: 128GB</li>\r\n<li>Dung lượng pin: 3110 mAh</li>\r\n<li>SIM: 1 Nano SIM , 1 esim</li>\r\n<li>M&atilde; Part: VN/A</li>\r\n</ul>', 22990000, '2020-01-06 02:52:36', '2020-01-16 02:52:36', 0, 23290000, 18, 12, 0, 5, 100000, 0, 0, 0, 4),
(23, 'Apple Macbook Air 2018 Core i5/ 8GB/ 256GB - Nhập Khẩu Chính Hãng', 9, '<ul>\r\n<li>Chip: Intel Core i5 8th 1.6GHz dual-core (Turbo Boost up to 3.6GHz)</li>\r\n<li>RAM: 8GB 2133MHz LPDDR3</li>\r\n<li>Ổ Cứng: 256GB SSD</li>\r\n<li>Chipset đồ họa: Intel UHD Graphics 617</li>\r\n<li>M&agrave;n h&igrave;nh: 13.3 inch Retina (2560 x 1600) Diagonal LED-backlit, IPS</li>\r\n<li>V&acirc;n tay: Touch ID</li>\r\n<li>Cổng kết nối: 2 x Thunderbolt 3</li>\r\n</ul>\r\n<h5>Thiết kế tinh tế, sang trọng</h5>\r\n<p><strong>Apple Macbook Air 2018</strong>&nbsp;c&oacute; thiết kế tối giản nhưng kh&ocirc;ng k&eacute;m phần sang trọng. To&agrave;n th&acirc;n m&aacute;y được gia c&ocirc;ng từ nh&ocirc;m nguy&ecirc;n khối một c&aacute;ch tỉ mỉ v&agrave; ch&iacute;nh x&aacute;c, tạo n&ecirc;n vẻ liền lạc v&agrave; chắc chắn lại vừa thanh tho&aacute;t, sang trọng. N&uacute;t Power khởi động m&aacute;y được t&iacute;ch hợp lu&ocirc;n v&agrave;o g&oacute;c tr&ecirc;n b&ecirc;n phải của b&agrave;n ph&iacute;m, vừa gọn vừa thẩm mỹ. Cả phần m&agrave;n h&igrave;nh cũng được gia c&ocirc;ng kiểu Unibody hợp kim nh&ocirc;m nguy&ecirc;n khối, c&aacute;c cạnh được bo tr&ograve;n v&agrave; d&aacute;t mỏng tạo n&ecirc;n tổng thể m&aacute;y một thiết kế tuyệt mỹ, tuyệt đẹp&nbsp;trong c&aacute;c d&ograve;ng Ultrabook.</p>\r\n<p><img src=\"https://salt.tikicdn.com/ts/tmp/e0/99/6b/9be03f32c79a406bdb7dd267c0c1443a.jpg\" alt=\"Apple Macbook Air 2018 Core i5/ 8GB/ 256GB - H&agrave;ng Ch&iacute;nh H&atilde;ng\" width=\"750\" height=\"330\" /></p>\r\n<p><img src=\"https://salt.tikicdn.com/ts/tmp/96/86/61/05c2732a82148442b97dbedcdd7c060b.jpg\" alt=\"\" width=\"750\" height=\"422\" /></p>\r\n<h5>M&agrave;n h&igrave;nh 13.3 inch Retina, IPS</h5>\r\n<p>Sở hữu m&agrave;n h&igrave;nh LED-backlit 13.3 inch Retina có đ&ocirc;̣ ph&acirc;n giải&nbsp;(2560 x 1600) để xem mọi thứ tốt hơn, mang đến những h&igrave;nh ảnh chất lượng, chi tiết, r&otilde; n&eacute;t, m&agrave;u sắc cũng cực kỳ trung thực v&agrave; sống động.</p>\r\n<p><img src=\"https://salt.tikicdn.com/ts/tmp/f7/40/68/acc54bfc48bc60ec8593a46922b0ed22.jpg\" alt=\"\" width=\"750\" height=\"422\" /></p>\r\n<p>Tấm nền IPS gi&uacute;p bạn c&oacute; thể trải nghiệm g&oacute;c nh&igrave;n rộng 178&deg; đem lại h&igrave;nh ảnh sắc n&eacute;t, sống động v&agrave; độ tương phản cao ngay cả ở những g&oacute;c nh&igrave;n hẹp.</p>\r\n<p><img src=\"https://salt.tikicdn.com/ts/tmp/59/63/c7/1560de474768d7b6542d5889c6f46681.jpg\" alt=\"Apple Macbook Air 2018 Core i5/ 8GB/ 256GB - H&agrave;ng Ch&iacute;nh H&atilde;ng\" width=\"750\" height=\"492\" /></p>', 28990000, '2020-01-06 02:58:49', '2020-01-16 02:58:49', 0, 30590000, 18, 15, 0, 6, 100000, 0, 0, 0, 4),
(24, 'Laptop Asus ASUSPRO B9440UA-GV0488T Core i7-8550U/ Win10 (14\" FHD IPS) - Hàng Chính Hãng', 9, '<h5>Thiết kế gập 180 độ</h5>\r\n<p><strong>Laptop Asus ASUSPRO B9440UA-GV0488T</strong><strong>&nbsp;</strong>mang đến cho người d&ugrave;ng một chiếc laptop mạnh mẽ v&agrave; bền vững nhờ được bao bọc bởi bộ khung chắc chắn. Lớp vỏ ngo&agrave;i l&agrave;m từ chất liệu cao cấp vừa mang lại một độ bền vượt trội để đủ sức bảo vệ phần m&agrave;n h&igrave;nh v&agrave; c&aacute;c linh kiện b&ecirc;n trong nhưng vẫn đảm bảo tối ưu sự linh hoạt v&agrave; tiện dụng cho người d&ugrave;ng mỗi khi mang theo m&aacute;y b&ecirc;n m&igrave;nh. Ngo&agrave;i ra, bản lề của m&aacute;y được thiết kế đặc biệt gi&uacute;p m&aacute;y c&oacute; thể gập 180 độ như quyển tập.</p>\r\n<p><img src=\"https://salt.tikicdn.com/ts/tmp/2a/1f/9a/95c26e56b64a72e98aa0f4df06145925.jpg\" alt=\"\" width=\"750\" height=\"476\" /></p>\r\n<h5>M&agrave;n h&igrave;nh 14 inch Full HD</h5>\r\n<p>Laptop có m&agrave;n h&igrave;nh 14 inch Full HD (1920 x 1080) tối đa h&oacute;a trải nghiệm xem của bạn, với độ phủ m&agrave;u 94% NTSC đảm bảo xuất ra h&igrave;nh ảnh với chất lượng sắc n&eacute;t v&agrave; ch&acirc;n thật nhất. Tấm nền IPS gi&uacute;p bạn c&oacute; thể trải nghiệm g&oacute;c nh&igrave;n rộng 178&deg; đem lại h&igrave;nh ảnh sắc n&eacute;t, sống động v&agrave; độ tương phản cao ngay cả ở những g&oacute;c nh&igrave;n hẹp.</p>\r\n<p><img src=\"https://salt.tikicdn.com/ts/tmp/92/fc/61/e30f91aa2e4af9241d7d9ea2638b17a8.jpg\" alt=\"\" width=\"750\" height=\"551\" /></p>\r\n<h5>Bộ vi xử l&yacute; Intel Core i7</h5>\r\n<p>M&aacute;y được trang bị bộ vi xử l&yacute; Intel Core i7-8550U với xung nhịp c&oacute; thể l&ecirc;n đến 4.0GHz, cho bạn những gi&acirc;y ph&uacute;t lướt web nhanh hơn, mạnh mẽ hơn. B&ecirc;n cạnh đ&oacute;, với bộ nhớ trong Ram 8GB LPDDR3-2133MHz đảm bảo xử l&iacute; c&aacute;c t&aacute;c vụ đa nhiệm thật mượt m&agrave; v&agrave; ổn định. Ngo&agrave;i ra, m&aacute;y c&ograve;n trang bị th&ecirc;m bộ nhớ 512GB SSD M.2 Sata, cho bạn lưu trữ cũng như vận h&agrave;nh m&aacute;y một c&aacute;ch nhanh ch&oacute;ng, mượt m&agrave; hơn.</p>\r\n<p><img src=\"https://salt.tikicdn.com/ts/tmp/a7/e7/cb/85ef583262def7a7916812161cd4d717.jpg\" alt=\"\" width=\"750\" height=\"378\" /></p>\r\n<p>Đặc biệt,&nbsp;Asus ASUSPRO B9440UA-GV0488T&nbsp;sử dụng card đồ họa Intel UHD Graphics 620 m&aacute;y c&ograve;n c&oacute; thể đ&aacute;p ứng tốt c&aacute;c như cầu giải tr&iacute; v&agrave; l&agrave;m việc kh&aacute;c như game online, nhiều game 3D, c&aacute;c c&ocirc;ng cụ đồ họa Photoshop, Lightroom&hellip;</p>\r\n<h5>&Acirc;m thanh vượt ngo&agrave;i mong đợi</h5>\r\n<p>&Acirc;m thanh Harman Kardon bao gồm c&ocirc;ng nghệ khuếch đại th&ocirc;ng minh cho &acirc;m thanh lớn hơn m&agrave; kh&ocirc;ng bị m&eacute;o tiếng v&agrave; phần mềm được thiết kế th&ocirc;ng minh đảm bảo rằng Asus ASUSPRO B9440UA-GV0488T&nbsp;sẽ cho bạn một trải nghiệm &acirc;m thanh đỉnh cao.</p>\r\n<p><img src=\"https://salt.tikicdn.com/ts/tmp/6c/e9/ba/5f432bf54b955fd853db2952a700c0d7.jpg\" alt=\"\" width=\"750\" height=\"518\" /></p>\r\n<h5>Trải nghiệm Windows 10 tối ưu</h5>\r\n<p>Laptop Asus thiết lập ti&ecirc;u chuẩn cho trải nghiệm Windows 10 tuyệt vời nhất, v&agrave; c&oacute; một d&atilde;y microphone hỗ trợ Cortana, trợ l&yacute; kỹ thuật số c&aacute; nh&acirc;n c&oacute; thể gi&uacute;p bạn l&agrave;m việc dễ d&agrave;ng hơn. D&atilde;y microphone gi&uacute;p bạn kiểm so&aacute;t giọng n&oacute;i ch&iacute;nh x&aacute;c hơn, kể cả trong c&aacute;c điều kiện ồn &agrave;o. Cortana c&ograve;n c&oacute; thể gi&uacute;p bạn theo d&otilde;i c&aacute;c mối quan t&acirc;m, những nơi ưa th&iacute;ch, v&agrave; mọi tin tức m&agrave; bạn muốn cập nhật cho một trải nghiệm c&aacute; nh&acirc;n h&oacute;a ho&agrave;n to&agrave;n.</p>\r\n<h5>B&agrave;n ph&iacute;m v&agrave; Touchpad</h5>\r\n<p>B&agrave;n ph&iacute;m bấm nhẹ nh&agrave;ng, thiết kế chắc, độ nẩy tốt, khoảng c&aacute;ch hợp l&yacute; gi&uacute;p mọi thao t&aacute;c đ&aacute;nh m&aacute;y rất &ecirc;m, nhanh v&agrave; ch&iacute;nh x&aacute;c. Touchpad kh&aacute; rộng, xử l&yacute; mượt m&agrave; kh&ocirc;ng cần d&ugrave;ng đến ch&uacute; chuột b&ecirc;n cạnh.</p>\r\n<p><img src=\"https://salt.tikicdn.com/ts/tmp/bf/60/28/ebf2738f1b4d9cdba8a315892d2ae2b7.jpg\" alt=\"\" width=\"750\" height=\"330\" /></p>', 23089000, '2020-01-06 03:01:48', '2020-01-07 03:01:48', 0, 23239000, 18, 12, 0, 3, 50000, 0, 0, 1, 4),
(25, 'Loa Vi Tính Microlab B51 2.0 (4W) - Hàng Chính Hãng', 12, '<h5>&Acirc;m thanh chất lượng cao</h5>\r\n<p><strong>Loa Vi T&iacute;nh Microlab B51 2.0</strong>&nbsp;được đ&aacute;nh gi&aacute; c&oacute; chất lượng cao với &acirc;m treble trong vắt, &acirc;m bass mạnh, cực kỳ đằm thắm v&agrave; &ecirc;m. Đặc biệt &acirc;m thanh trung thực l&yacute; tưởng cho việc xem phim, nghe nhạc, giải tr&iacute;. Tr&igrave;nh điều khiển 1.5\'\' cho &acirc;m thanh đầy đủ đ&aacute;p ứng dải tần 80 - 18 Hz. Chất &acirc;m cực kỳ sống động v&agrave; cực chất đến từng centimet.</p>\r\n<p><img src=\"https://vcdn.tikicdn.com/ts/tmp/c1/a1/9e/a5be5394093c7944f16449fd7b0c1126.jpg\" alt=\"\" width=\"850\" height=\"567\" /></p>\r\n<h5>Kết nối dễ d&agrave;ng</h5>\r\n<p>Sử dụng jack cắm 3.5 mm, loa dễ d&agrave;ng kết nối với nhiều thiết bị &acirc;m thanh kh&aacute;c như notebook, tablet, smartphone, m&aacute;y nghe nhạc MP3/MP4, v&agrave; PC. Loa sử dụng nguồn từ USB m&agrave; kh&ocirc;ng cần d&ugrave;ng pin, cho việc giải tr&iacute; được thuận tiện hơn.</p>\r\n<p><img src=\"https://vcdn.tikicdn.com/ts/tmp/bc/d0/84/474e47ccb011fce1b32eed7b32e10686.jpg\" alt=\"\" width=\"850\" height=\"567\" /></p>\r\n<h5>Điều khiển tiện lợi</h5>\r\n<p>Bảng điều khiển dễ d&agrave;ng điều chỉnh &acirc;m lượng, tắt mở, ngo&agrave;i ra mặt tr&ecirc;n loa c&ograve;n t&iacute;ch hợp đ&egrave;n Led.&nbsp;Sử dụng nút đi&ecirc;̀u chỉnh nằm ngay tr&ecirc;n đỉnh của loa đ&ecirc;̉ tăng giảm &acirc;m lượng hoặc ngắt ti&ecirc;́ng. Th&acirc;̣t ti&ecirc;̣n dụng khi bạn vừa nghe nhạc, vừa làm vi&ecirc;̣c, đi&ecirc;̀u chỉnh nhanh chóng mà kh&ocirc;ng c&acirc;̀n mở lại trình duy&ecirc;̣t nghe nhạc.</p>\r\n<p><img src=\"https://vcdn.tikicdn.com/ts/tmp/4e/75/3d/07cdbdc1a8d5d53aec280c085a98eed5.jpg\" alt=\"\" width=\"850\" height=\"567\" /></p>\r\n<h5>Thiết kế độc đ&aacute;o</h5>\r\n<p>Có khả năng tái hi&ecirc;̣n &acirc;m thanh 2.0 s&ocirc;́ng đ&ocirc;̣ng, nhưng loa máy tính Microlab B51 chỉ bao g&ocirc;̀m 1 loa nhỏ gọn. Đặc bi&ecirc;̣t n&ocirc;̉i b&acirc;̣t với thi&ecirc;́t k&ecirc;́ ch&acirc;n đ&ecirc;́ đ&ocirc;̣c đáo, có th&ecirc;̉ kẹp chắc vào đỉnh của màn hình máy tính, đem lại sự ti&ecirc;̣n nghi hơn cho bạn.&nbsp;Thiết kế thanh mảnh, kiểu d&aacute;ng nhỏ gọn, trọng lượng si&ecirc;u nhẹ gi&uacute;p bạn dễ d&agrave;ng mang theo b&ecirc;n m&igrave;nh khi đi chơi hay đi d&atilde; ngoại đẻ thưởng thức &acirc;m nhạc ở bất kỳ nơi n&agrave;o.</p>\r\n<p><img src=\"https://vcdn.tikicdn.com/ts/tmp/86/ff/8e/2100d62719fdc8a1f5655aeb336996d1.jpg\" alt=\"\" width=\"850\" height=\"567\" /></p>\r\n<h3>Th&ocirc;ng số kỹ thuật</h3>\r\n<table border=\"1\">\r\n<tbody>\r\n<tr>\r\n<td>C&ocirc;ng suất</td>\r\n<td>4 W</td>\r\n</tr>\r\n<tr>\r\n<td>Tần số</td>\r\n<td>80 - 18 Hz</td>\r\n</tr>\r\n<tr>\r\n<td>Độ nhiễu</td>\r\n<td>65 dB</td>\r\n</tr>\r\n<tr>\r\n<td>Độ nhạy</td>\r\n<td>40 dB</td>\r\n</tr>\r\n<tr>\r\n<td>Kết nối</td>\r\n<td>Jack 3.5 mm/USB</td>\r\n</tr>\r\n</tbody>\r\n</table>', 190000, '2020-01-06 03:11:44', '2020-01-07 03:11:44', 0, 250000, 18, 13, 0, 2, 10000, 0, 0, 1, 5),
(26, 'Màng lọc âm micro livestream, thu âm', 12, '<p style=\"font-weight: 400;\"><strong style=\"font-weight: 500;\">M&agrave;ng lọc &acirc;m micro livestream, thu &acirc;m</strong></p>\r\n<p style=\"font-weight: 400;\"><strong style=\"font-weight: 500;\"><u>Đặc điểm nổi bật:</u></strong></p>\r\n<p style=\"font-weight: 400;\">* Thiết kế 2 lớp lọc &acirc;m căng đều 2 mặt &ndash; lọc &acirc;m hiệu quả</p>\r\n<p style=\"font-weight: 400;\">* Ch&acirc;n kẹp chặt, giữ chắc chắn, kh&ocirc;ng rơi rớt</p>\r\n<p style=\"font-weight: 400;\">* Xoay 360 độ tiện lợi</p>\r\n<p style=\"font-weight: 400;\">* Thiết kế h&igrave;nh tr&ograve;n bao qu&aacute;t</p>\r\n<p style=\"font-weight: 400;\"><strong style=\"font-weight: 500;\">* Thiết kế 2 lớp lọc &acirc;m căng đều 2 mặt &ndash; lọc &acirc;m hiệu quả</strong></p>\r\n<p style=\"font-weight: 400;\">+ M&agrave;ng lọc 2 lớp c&oacute; khả năng loại bỏ ho&agrave;n to&agrave;n c&aacute;c &acirc;m gi&oacute;, ngăn chặn tiếng x&igrave;, tiếng lấy hơi v&agrave; tạp &acirc;m xung quanh khi h&aacute;t tao ra những &acirc;m thanh trong trẻo v&agrave; chất lượng.</p>\r\n<p style=\"font-weight: 400;\"><strong style=\"font-weight: 500;\">* Ch&acirc;n kẹp chặt, giữ chắc chắn, kh&ocirc;ng rơi rớt</strong></p>\r\n<p style=\"font-weight: 400;\">+ Ch&acirc;n kẹp c&oacute; thể cố định bằng chốt rất chắc, tr&aacute;nh t&igrave;nh trạng rơi rớt khi l&agrave;m việc.</p>\r\n<p style=\"font-weight: 400;\"><strong style=\"font-weight: 500;\">* Xoay 360 độ tiện lợi</strong></p>\r\n<p style=\"font-weight: 400;\">+ Thanh đỡ bằng kim loại dạng xoắn n&ecirc;n c&oacute; thể điều chỉnh được khoảng c&aacute;ch xa-gần, cao-thấp, xoay 360 độ so với microphone dễ d&agrave;ng. Đầu kẹp được thiết kế khớp động n&ecirc;n c&oacute; thể gắn chặt m&agrave;ng lọc v&agrave;o mọi ch&acirc;n đế (vu&ocirc;ng, tr&ograve;n), cạnh b&agrave;n&hellip;.</p>\r\n<p style=\"font-weight: 400;\"><strong style=\"font-weight: 500;\">* Thiết kế h&igrave;nh tr&ograve;n bao qu&aacute;t</strong></p>\r\n<p style=\"font-weight: 400;\">+ M&agrave;ng lọc &acirc;m micro c&oacute; thiết kế h&igrave;nh tr&ograve;n cổ điển, m&agrave;ng lọc được căng đều cả 2 mặt v&agrave; c&oacute; thể lọc được từ cả 2 ph&iacute;a, bao qu&aacute;t rộng v&agrave; tốt hơn.</p>\r\n<p style=\"font-weight: 400;\"><strong style=\"font-weight: 500;\"><u>Th&ocirc;ng số kĩ thuật:</u></strong></p>\r\n<p style=\"font-weight: 400;\">&ndash; T&ecirc;n sản phẩm: M&agrave;ng lọc &acirc;m micro livestream, thu &acirc;m</p>\r\n<p style=\"font-weight: 400;\">&ndash; Chất liệu: Nhựa + Kim Loại</p>\r\n<p style=\"font-weight: 400;\">&ndash; M&agrave;u sắc: Đen</p>\r\n<p style=\"font-weight: 400;\">&ndash; K&iacute;ch thước: 55 x 17cm</p>\r\n<p style=\"font-weight: 400;\">&ndash; Trọng lượng: 200gr</p>', 500000, '2020-01-06 03:15:13', '2020-01-16 03:15:13', 0, 530000, 18, 11, 0, 3, 10000, 0, 0, 0, 4),
(27, 'Máy Ảnh Canon 750D + Lens 18-55 IS STM (Lê Bảo Minh) - Hàng Chính hãng', 11, '<h5>Thiết kế gọn nhẹ</h5>\r\n<p>M&aacute;y Ảnh Canon EOS 750D thuộc d&ograve;ng m&aacute;y ảnh chuy&ecirc;n nghiệp v&agrave; được thiết kế gọn nhẹ, bạn c&oacute; thể dễ d&agrave;ng mang theo trong qu&aacute; tr&igrave;nh di chuyển, đi xa v&agrave; thoải m&aacute;i chụp ảnh, quay phim trong thời gian d&agrave;i, m&aacute;y hạn chế t&igrave;nh trạng mỏi tay. Sản phẩm c&oacute; vỏ ngo&agrave;i thiết kế cứng c&aacute;p, bền bỉ v&agrave; b&aacute;ng cầm tay c&oacute; độ b&aacute;m, gi&uacute;p han chế trơn trượt v&agrave; hỗ trợ cầm nắm chắc chắn khi chụp.<img title=\"M&aacute;y Ảnh Canon EOS 750D + 18-55 STM (L&ecirc; Bảo Minh)\" src=\"https://tikicdn.com/media/catalog/product/u/n/untitled.u2470.d20160627.t173011.png\" alt=\"M&aacute;y Ảnh Canon EOS 750D + 18-55 STM (L&ecirc; Bảo Minh)\" width=\"750\" height=\"594\" /></p>\r\n<h5>Cảm biến 24.2MP v&agrave; bộ xử l&yacute; h&igrave;nh ảnh DIGIC 6<strong><br /></strong></h5>\r\n<p>Canon 750D d&ograve;ng m&aacute;y ảnh DSLR&nbsp;sở hữu cảm biến 24.2 MP k&iacute;ch thước gi&uacute;p mang lại những h&igrave;nh ảnh đẹp c&oacute; k&iacute;ch thước lớn. Kết hợp độ ph&acirc;n giải lớn c&ugrave;ng bộ xử l&yacute; h&igrave;nh ảnh DIGIC 6 gi&uacute;p &nbsp;n&acirc;ng cao tốc độ xử l&yacute; v&agrave; chất lượng h&igrave;nh ảnh cao. Ngo&agrave;i ra, bạn cũng c&oacute; thể quay c&aacute;c đoạn video Full HD chuy&ecirc;n nghiệp hơn.</p>\r\n<p><img title=\"M&aacute;y Ảnh Canon EOS 750D + 18-55 STM (L&ecirc; Bảo Minh)\" src=\"https://tikicdn.com/media/catalog/product/c/a/canon_750%2012.u2470.d20160627.t172715.jpg\" alt=\"M&aacute;y Ảnh Canon EOS 750D + 18-55 STM (L&ecirc; Bảo Minh)\" width=\"750\" height=\"500\" /></p>\r\n<h5>Hệ thống lấy n&eacute;t 19 điểm</h5>\r\n<p>Canon EOS 750D&nbsp;l&agrave; m&aacute;y ảnh sở hữu hệ thống lấy n&eacute;t 19 điểm cross-type tất cả hệ thống AF &nbsp;kết hợp c&ugrave;ng tốc độ chụp 5 fps gi&uacute;p bạn kh&ocirc;ng bỏ lỡ bất cứ khoảnh khắc quan trọng n&agrave;o. Bạn sẽ d&agrave;ng tập trung v&agrave;o c&aacute;c đối tượng trong chế độ lựa chọn khu vực để c&oacute; thể c&oacute; những shot ảnh như &yacute;.</p>\r\n<h5>Hệ thống lấy n&eacute;t Hybrid CMOS AF III</h5>\r\n<p>Hệ thống lấy n&eacute;t Hybrid CMOS AF III được trang bị chức năng tự lấy n&eacute;t nhanh khi bật Live View. &nbsp;Kết hợp hệ thống Hybrid CMOS AF III &nbsp;c&ugrave;ng với m&agrave;n h&igrave;nh LCD cảm ứng gi&uacute;p bạn c&oacute; thể c&oacute; những thước phim chất lượng cao.</p>\r\n<p><img title=\"M&aacute;y Ảnh Canon EOS 750D + 18-55 STM (L&ecirc; Bảo Minh)\" src=\"https://tikicdn.com/media/catalog/product/c/a/canon_750%2013.u2470.d20160627.t172715.jpg\" alt=\"M&aacute;y Ảnh Canon EOS 750D + 18-55 STM (L&ecirc; Bảo Minh)\" width=\"750\" height=\"500\" /></p>\r\n<h5>Ống k&iacute;nh 18 -55mm STM</h5>\r\n<p>M&aacute;y Ảnh Canon EOS 750D được trang bị ống k&iacute;nh 18 -55mm STM . Ống k&iacute;nh 18 - 55mm STM tương đương với dải ti&ecirc;u cự 18 &ndash; 55 mm c&ugrave;ng c&ocirc;ng nghệ giảm rung quang học IS (Image Stabilization v&agrave; động cơ lấy n&eacute;t bước STM (Stepper Motor) gi&uacute;p bạn c&oacute; thể chụp những bức ảnh từ xa dễ d&agrave;ng hơn.</p>\r\n<h5>Hỗ trợ Wi-Fi v&agrave; NFC</h5>\r\n<p>Canon EOS 750D&nbsp;c&ograve;n hỗ trợ kết nối kh&ocirc;ng d&acirc;y&nbsp; Wi-Fi v&agrave; NFC. Nhờ kết nối kh&ocirc;ng d&acirc;y, bạn c&oacute; thể dễ d&agrave;ng chia sẽ những h&igrave;nh ảnh đ&atilde; chụp qua c&aacute;c thiết bị kh&aacute;c.</p>\r\n<h5>Một số h&igrave;nh ảnh được chụp từ m&aacute;y</h5>\r\n<p><strong><img title=\"M&aacute;y Ảnh Canon EOS 750D + 18-55 STM (L&ecirc; Bảo Minh)\" src=\"https://tikicdn.com/media/catalog/product/c/a/canon_750%2014.u2470.d20160627.t172715.jpg\" alt=\"M&aacute;y Ảnh Canon EOS 750D + 18-55 STM (L&ecirc; Bảo Minh)\" width=\"750\" height=\"500\" /></strong></p>\r\n<p><strong><img title=\"M&aacute;y Ảnh Canon EOS 750D + 18-55 STM (L&ecirc; Bảo Minh)\" src=\"https://tikicdn.com/media/catalog/product/c/a/canon_750%2015.u2470.d20160627.t172715.jpg\" alt=\"M&aacute;y Ảnh Canon EOS 750D + 18-55 STM (L&ecirc; Bảo Minh)\" width=\"750\" height=\"500\" /></strong></p>\r\n<p><strong><img title=\"M&aacute;y Ảnh Canon EOS 750D + 18-55 STM (L&ecirc; Bảo Minh)\" src=\"https://tikicdn.com/media/catalog/product/c/a/canon_750%2016.u2470.d20160627.t172715.jpg\" alt=\"M&aacute;y Ảnh Canon EOS 750D + 18-55 STM (L&ecirc; Bảo Minh)\" width=\"750\" height=\"500\" /></strong></p>\r\n<p><strong><img title=\"M&aacute;y Ảnh Canon EOS 750D + 18-55 STM (L&ecirc; Bảo Minh)\" src=\"https://tikicdn.com/media/catalog/product/c/a/canon_750%2017.u2470.d20160627.t172715.jpg\" alt=\"M&aacute;y Ảnh Canon EOS 750D + 18-55 STM (L&ecirc; Bảo Minh)\" width=\"750\" height=\"500\" /></strong></p>', 12200000, '2020-01-06 03:17:31', '2020-01-16 03:17:31', 0, 12800000, 18, 12, 0, 2, 100000, 0, 0, 0, 4),
(28, 'Máy Ảnh Sony Cybershot DSC-WX350 - Hàng Chính Hãng', 11, '<h5>Thiết kế thời trang, ấn tượng</h5>\r\n<p><strong>M&aacute;y Ảnh Sony Cybershot DSC-WX350</strong>&nbsp;c&oacute; thiết kế thời trang, m&agrave;u sắc tươi s&aacute;ng. Kiểu d&aacute;ng m&aacute;y sang trọng, hiện đại, nhiều m&agrave;u sắc lựa chọn. Đ&acirc;y l&agrave; d&ograve;ng m&aacute;y ảnh nhắm đến c&aacute;c bạn trẻ năng động c&oacute; y&ecirc;u cầu cao về t&iacute;nh thẩm mỹ.</p>\r\n<h5>Chụp ảnh tuyệt đẹp ở cả những nơi tối</h5>\r\n<p>Ghi lại những thước phim v&agrave; h&igrave;nh ảnh chi tiết vượt bậc, đạt tương phản cực cao thậm ch&iacute; l&agrave; ở nơi thiếu s&aacute;ng. Với cảm biến Exmor R CMOS, giờ đ&acirc;y bạn c&oacute; thể đạt được h&igrave;nh ảnh độ n&eacute;t cao m&agrave; kh&ocirc;ng bị nhiễu trong bất kỳ điều kiện chụp ảnh n&agrave;o.</p>\r\n<h5>Zoom mạnh mẽ trong th&acirc;n m&aacute;y nhỏ gọn</h5>\r\n<p>Tận hưởng sự tiện lợi của việc c&oacute; được những bức ảnh cận cảnh tuyệt đẹp từ c&aacute;c chủ thể ở tận xa. Với k&iacute;ch cỡ đủ nhỏ gọn, mỏng để vừa t&uacute;i &aacute;o, DSC-WX350 cung cấp hiệu suất zoom quang học nổi bật l&ecirc;n đến 20x của ống k&iacute;nh Sony G.</p>\r\n<h5>Chi tiết trung thực đến kinh ngạc</h5>\r\n<p>Bộ xử l&yacute; h&igrave;nh ảnh mới BIONZ X tốc độ cao t&aacute;i tạo cấu tr&uacute;c v&agrave; chi tiết như mắt nh&igrave;n thấy, th&ocirc;ng qua khả năng xử l&yacute; tốc độ cao. Để mang đến h&igrave;nh ảnh sống động hơn v&agrave; như thật bằng độ ph&acirc;n giải cao.</p>\r\n<h5>Quay phim độ ph&acirc;n giải cao</h5>\r\n<p>Quay lại những thước phim chất lượng cao với DSC-WX350 nhờ v&agrave;o khả năng ghi h&igrave;nh Full HD, giờ đ&acirc;y bạn c&oacute; thể ghi lại những bộ phim độ ph&acirc;n giải cao. C&ugrave;ng với t&iacute;nh năng ổn định h&igrave;nh ảnh quang học Optical SteadyShot, m&aacute;y ảnh t&iacute;ch hợp t&iacute;nh năng chống rung tuyệt vời mang lại những thước phim độ n&eacute;t cao cho bạn thưởng thức.</p>\r\n<h5>Th&ocirc;ng số kỹ thuật</h5>\r\n<table border=\"1\" cellspacing=\"1\" cellpadding=\"1\">\r\n<tbody>\r\n<tr>\r\n<td>\r\n<p>Độ ph&acirc;n giải m&aacute;y ảnh</p>\r\n</td>\r\n<td>\r\n<p>18.2 megapixel</p>\r\n</td>\r\n</tr>\r\n<tr>\r\n<td>\r\n<p>Bộ xử l&yacute; m&aacute;y ảnh</p>\r\n</td>\r\n<td>\r\n<p>Bionz X đạt tốc độ cao v&agrave; t&aacute;i tạo chi tiết hiệu quả</p>\r\n</td>\r\n</tr>\r\n<tr>\r\n<td>\r\n<p>Cảm biến h&igrave;nh ảnh</p>\r\n</td>\r\n<td>\r\n<p>Exmor R CMOS - Loại 1/2.3 (7.82mm) - Xấp xỉ 21.1 triệu điểm ảnh</p>\r\n</td>\r\n</tr>\r\n<tr>\r\n<td>\r\n<p>Ống k&iacute;nh</p>\r\n</td>\r\n<td>\r\n<p>Sony G 11 yếu tố trong 10 nh&oacute;m (bao gồm 5 yếu tố phi cầu)</p>\r\n</td>\r\n</tr>\r\n<tr>\r\n<td>\r\n<p>Ti&ecirc;u cự&nbsp;</p>\r\n</td>\r\n<td>\r\n<p>f=4.3-86.0mm</p>\r\n</td>\r\n</tr>\r\n<tr>\r\n<td>\r\n<p>Khẩu độ&nbsp;</p>\r\n</td>\r\n<td>\r\n<p>iAuto(F3.5/F8.0(W), 2 bước với ND Filter)/Program Auto(F3.5/F8.0(W), 2 bước với ND Filter)</p>\r\n</td>\r\n</tr>\r\n<tr>\r\n<td>\r\n<p>Tốc độ m&agrave;n trập</p>\r\n</td>\r\n<td>\r\n<p>iAuto(4\" - 1/1600)/Program Auto(1\" - 1/1600) *6</p>\r\n</td>\r\n</tr>\r\n<tr>\r\n<td>\r\n<p>Độ nhạy ISO</p>\r\n</td>\r\n<td>\r\n<p>Auto(ISO80-1600) *13, 80/100/200/400/800/1600/3200 *13, Multi Frame NR:Auto(ISO80-1600) *13, 100/200/400/800/1600/3200/6400 *5 *13 /12800 *5 *13</p>\r\n</td>\r\n</tr>\r\n<tr>\r\n<td>\r\n<p>Zoom quang học</p>\r\n</td>\r\n<td>\r\n<p>20x</p>\r\n</td>\r\n</tr>\r\n<tr>\r\n<td>\r\n<p>Khả năng zoom quang học khi quay phim</p>\r\n</td>\r\n<td>\r\n<p>20x</p>\r\n</td>\r\n</tr>\r\n<tr>\r\n<td>\r\n<p>M&agrave;n h&igrave;nh&nbsp;</p>\r\n</td>\r\n<td>\r\n<p>ClearPhoto/TFT LCD</p>\r\n</td>\r\n</tr>\r\n<tr>\r\n<td>\r\n<p>K&iacute;ch thước m&agrave;n h&igrave;nh</p>\r\n</td>\r\n<td>\r\n<p>3.0\" (7.5 cm)</p>\r\n</td>\r\n</tr>\r\n<tr>\r\n<td>\r\n<p>C&acirc;n bằng trắng:&nbsp;</p>\r\n</td>\r\n<td>\r\n<p>Auto, Daylight, Cloudy, Incandescent, Fluor.: Cool White, Fluor.: Day White, Fluor.: Daylight, Flash, Custom</p>\r\n</td>\r\n</tr>\r\n<tr>\r\n<td>\r\n<p>Quay phim</p>\r\n</td>\r\n<td>\r\n<p>Full HD 60p</p>\r\n</td>\r\n</tr>\r\n<tr>\r\n<td>\r\n<p>Định dạng quay phim</p>\r\n</td>\r\n<td>\r\n<p>AVCHD / AVC MP4 - VGA</p>\r\n</td>\r\n</tr>\r\n<tr>\r\n<td>\r\n<p>Bộ nhớ trong&nbsp;</p>\r\n</td>\r\n<td>\r\n<p>-</p>\r\n</td>\r\n</tr>\r\n<tr>\r\n<td>\r\n<p>Thẻ nhớ tương th&iacute;ch</p>\r\n</td>\r\n<td>\r\n<p>Stick Duo / Stick PRO Duo / Stick PRO Duo - High Speed / Stick PRO HG Duo / SD / SDHC / SDXC / Stick Micro / Stick Micro (Mark 2) / Micro SD / Micro SDHC / Micro SDXC</p>\r\n</td>\r\n</tr>\r\n<tr>\r\n<td>\r\n<p>Loại pin</p>\r\n</td>\r\n<td>\r\n<p>-</p>\r\n</td>\r\n</tr>\r\n<tr>\r\n<td>\r\n<p>Cổng kết nối</p>\r\n</td>\r\n<td>\r\n<p>AV/ USB / Micro HDMI / WIFI / DC IN</p>\r\n</td>\r\n</tr>\r\n<tr>\r\n<td>\r\n<p>T&iacute;nh năng kh&aacute;c</p>\r\n</td>\r\n<td>\r\n<p>Nhận diện khu&ocirc;n mặt, Chụp h&igrave;nh trong khi đang quay phim, Ảnh tĩnh ghi lại từ phim, Điều khiển HDMI, Chụp h&igrave;nh s&aacute;ng tạo với chức năng Photo Creativity,</p>\r\n</td>\r\n</tr>\r\n<tr>\r\n<td>\r\n<p>Phụ kiện đi k&egrave;m</p>\r\n</td>\r\n<td>\r\n<p>Bộ pin sạc NP-BX1, AC Adaptor AC-UB10C/UB10D, d&acirc;y Micro USB, d&acirc;y đeo tay, hướng dẫn sử dụng</p>\r\n</td>\r\n</tr>\r\n<tr>\r\n<td>\r\n<p>K&iacute;ch thước</p>\r\n</td>\r\n<td>\r\n<p>Xấp xỉ 96.0 x 54.9 x 25.7 mm</p>\r\n</td>\r\n</tr>\r\n<tr>\r\n<td>\r\n<p>Khối Lượng</p>\r\n</td>\r\n<td>\r\n<p>164g</p>\r\n</td>\r\n</tr>\r\n</tbody>\r\n</table>', 4890000, '2020-01-06 03:22:02', '2020-01-16 03:22:02', 0, 4990000, 18, 13, 0, 2, 50000, 0, 0, 0, 4),
(29, 'Điện Thoại Samsung Galaxy M30s (64GB/4GB) - Hàng Chính Hãng', 7, '<h5>Tr&agrave;n đầy năng lượng c&ugrave;ng si&ecirc;u pin 6000 mAh khủng nhất thị trường</h5>\r\n<p>Samsung Galaxy M30s l&agrave; chiếc smartphone đầu ti&ecirc;n của Samsung với dung lượng pin 6000mAh gi&uacute;p bạn&nbsp; tha hồ sử dụng điện thoại suốt cả ng&agrave;y d&agrave;i m&agrave; kh&ocirc;ng lo bị gi&aacute;n đoạn v&igrave; hết pin.</p>\r\n<p><img src=\"https://salt.tikicdn.com/ts/tmp/df/f0/60/0d21249f2757e8e009afc3767f972dbf.jpg\" alt=\"Điện Thoại Samsung Galaxy M30s (64GB/4GB) - H&agrave;ng Ch&iacute;nh H&atilde;ng\" width=\"749\" height=\"1180\" /></p>\r\n<p><img src=\"https://salt.tikicdn.com/ts/tmp/1b/81/a1/b69483c112a17852b3438f6c17eb6937.jpg\" alt=\"Điện Thoại Samsung Galaxy M30s (64GB/4GB) - H&agrave;ng Ch&iacute;nh H&atilde;ng\" width=\"745\" height=\"1179\" /></p>\r\n<h5>Chiến game mượt m&agrave;, kh&ocirc;ng ngại x&ocirc;ng pha với cấu h&igrave;nh cực khủng</h5>\r\n<p>Samsung Galaxy M30s được trang bị cấu h&igrave;nh mạnh mẽ mang đến khả năng đa nhi&ecirc;̣m mượt mà, đáp ứng t&ocirc;́t các nhu c&acirc;̀u hàng ngày, kể cả các game nặng. Thiết bị được cung cấp năng lượng bởi con chip Exynos 9611 8 nh&acirc;n 64-bit mạnh mẽ - đ&acirc;y l&agrave; chip mới nhất của Samsung cho ph&acirc;n kh&uacute;c tầm trung, kết hợp RAM 4GB v&agrave; ROM 64GB, c&ugrave;ng vi&ecirc;n pin c&oacute; dung lượng lớn l&ecirc;n tới 6000mAh.</p>\r\n<p>Với cấu h&igrave;nh n&agrave;y, Exynos 9611 8 nh&acirc;n 64-bit mang đến khả năng đa nhi&ecirc;̣m mượt mà đồng thời đáp ứng t&ocirc;́t các nhu c&acirc;̀u hàng ngày, kể cả giải tr&iacute; với các game nặng. Khi l&ecirc;n kệ, m&aacute;y được c&agrave;i sẵn hệ điều h&agrave;nh Android 9.0 Pie.</p>\r\n<p><img src=\"https://salt.tikicdn.com/ts/tmp/84/de/9b/2b1166931bc1493bb0d6837c148fa84f.jpg\" alt=\"Điện Thoại Samsung Galaxy M30s (64GB/4GB) - H&agrave;ng Ch&iacute;nh H&atilde;ng\" width=\"742\" height=\"1651\" /></p>\r\n<h5>Camera 48MP với nhiều chế độ chụp ảnh chuy&ecirc;n nghiệp</h5>\r\n<p>Galaxy M30s sở hữu hệ thống 3 camera mặt lưng bao gồm camera ch&iacute;nh với độ ph&acirc;n giải 48MP, một ống k&iacute;nh g&oacute;c rộng c&oacute; độ ph&acirc;n giải 8MP, cuối c&ugrave;ng l&agrave; ống k&iacute;nh đo chiều s&acirc;u c&oacute; độ ph&acirc;n giải 5MP. C&ograve;n camera selfie c&oacute; đ&ocirc;̣ ph&acirc;n giải 16 MP, mang lại những bức ảnh selfie đầy m&ecirc; hoặc.</p>\r\n<p><img src=\"https://salt.tikicdn.com/ts/tmp/31/af/0c/bfdff97ff5bad6b988fe93e9b4a7f525.jpg\" alt=\"Điện Thoại Samsung Galaxy M30s (64GB/4GB) - H&agrave;ng Ch&iacute;nh H&atilde;ng\" width=\"750\" height=\"1204\" /></p>\r\n<p>Cụm 3 camera n&agrave;y cho ph&eacute;p người d&ugrave;ng chụp ảnh trong hầu hết c&aacute;c nhu cầu trong cuộc sống như chụp phong cảnh với camera si&ecirc;u rộng hay chụp ch&acirc;n dung với camera hỗ trợ đo chiều s&acirc;u. Chất lượng ảnh cho ra từ m&aacute;y kh&aacute; ổn với độ chi tiết cao, đi k&egrave;m với đ&oacute; l&agrave; m&agrave;u sắc được t&aacute;i tạo trung thực, sắc n&eacute;t.</p>\r\n<p><img src=\"https://salt.tikicdn.com/ts/tmp/6e/a3/ba/fe0e707aac98b8bc6ac89c150bc2b96f.jpg\" alt=\"Điện Thoại Samsung Galaxy M30s (64GB/4GB) - H&agrave;ng Ch&iacute;nh H&atilde;ng\" width=\"750\" height=\"425\" /></p>\r\n<p>Với sự trợ gi&uacute;p của AI th&igrave; giờ đ&acirc;y c&aacute;c bức ảnh bạn chụp c&oacute; thể chia sẻ l&ecirc;n mạng x&atilde; hội ngay sau khi chụp m&agrave; kh&ocirc;ng cần phải chỉnh sửa th&ecirc;m nhiều. Camera selfie của m&aacute;y cũng g&acirc;n ấn tượng với độ ph&acirc;n giải khủng l&ecirc;n tới 16 MP. B&ecirc;n cạnh đ&oacute;, cụm camera n&agrave;y được Samsung trang bị th&ecirc;m c&ocirc;ng nghệ l&agrave;m l&agrave;m đẹp theo cấp độ khi chụp ảnh tự sướng thoải m&aacute;i để bạn chụp ảnh với bạn b&egrave;.</p>\r\n<p><strong>Ultra Wide Mode</strong></p>\r\n<p><strong><img src=\"https://salt.tikicdn.com/ts/tmp/dd/33/06/852fad9ba9379d437da4f3a92227bec4.jpg\" alt=\"Điện Thoại Samsung Galaxy M30s (64GB/4GB) - H&agrave;ng Ch&iacute;nh H&atilde;ng\" width=\"750\" height=\"344\" /></strong></p>\r\n<p><strong>Night Mode</strong></p>\r\n<p><strong><img src=\"https://salt.tikicdn.com/ts/tmp/ef/49/1e/75b5dacd927a5a3d7f44505b6a1ea61b.jpg\" alt=\"Điện Thoại Samsung Galaxy M30s (64GB/4GB) - H&agrave;ng Ch&iacute;nh H&atilde;ng\" width=\"750\" height=\"416\" /></strong></p>\r\n<p><strong>Live focus for portraits</strong></p>\r\n<p><strong><img src=\"https://salt.tikicdn.com/ts/tmp/bc/bd/b7/9e8d80b657f19fb418f4879beef0a0f6.jpg\" alt=\"Điện Thoại Samsung Galaxy M30s (64GB/4GB) - H&agrave;ng Ch&iacute;nh H&atilde;ng\" width=\"750\" height=\"497\" /></strong></p>\r\n<h5>Trải nghiệm tối ưu với m&agrave;n h&igrave;nh viền benzel cực mỏng</h5>\r\n<p>Điện Thoại Samsung Galaxy M30s&nbsp;được trang bị m&agrave;n h&igrave;nh giọt nước c&oacute; k&iacute;ch thước l&ecirc;n tới 6.4 inch c&ugrave;ng độ ph&acirc;n giải đạt Full HD+. B&ecirc;n cạnh đ&oacute;, thiết bị sử dụng tấm nền Super AMOLED mang đến chất lượng hiển thị m&agrave;u sắc rực rỡ, ch&acirc;n thực, sắc n&eacute;t. M&agrave;n h&igrave;nh n&agrave;y rất ph&ugrave; hợp để bạn giải tr&iacute; đa phương', 4800000, '2020-01-06 03:32:24', '2020-01-06 03:32:24', 0, 4870000, 15, 13, 0, 2, 10000, 0, 0, 1, 3),
(30, 'Điện Thoại Samsung Galaxy A9 (2018) - Hàng Chính Hãng - Đã Kích Hoạt Bảo Hành Điện Tử', 7, '<h5>Sở hữu 4 camera sau đầu ti&ecirc;n tr&ecirc;n thế giới</h5>\r\n<p><strong>Điện Thoại Samsung Galaxy A9 (2018) - H&agrave;ng Ch&iacute;nh H&atilde;ng (Đ&atilde; K&iacute;ch Hoạt)</strong>&nbsp;sở hữu phong c&aacute;ch thiết kế tương tự c&aacute;c anh em d&ograve;ng Galaxy A của m&igrave;nh với khung viền kim loại chắc chắn c&ugrave;ng th&acirc;n h&igrave;nh mảnh mai, uyển chuyển. Th&acirc;n m&aacute;y vẫn c&oacute; c&aacute;c đường cong mềm mại bao bọc xung quanh mang đến cảm gi&aacute;c chắc chắn, &ocirc;m tay hơn mỗi khi cầm nắm. Mặt lưng m&aacute;y được pha trộn m&agrave;u sắc đậm nhạt một c&aacute;ch tinh tế gi&uacute;p chiếc điện thoại trở n&ecirc;n v&ocirc; c&ugrave;ng quyến rũ v&agrave; sang trọng.</p>\r\n<p><img src=\"https://vcdn.tikicdn.com/ts/tmp/2d/52/13/0870fb98301374066189caecf6f50c25.jpg\" alt=\"\" width=\"750\" height=\"450\" /></p>\r\n<p>Đặc biệt hơn hết ch&iacute;nh l&agrave; việc Samsung Galaxy A9 2018 được trang bị đến 4 camera, l&agrave; thiết bị smartphone đầu ti&ecirc;n tr&ecirc;n thế giới sở hữu cụm nhiều camera nhất hiện nay tr&ecirc;n thị trường.</p>\r\n<p><img src=\"https://salt.tikicdn.com/ts/tmp/f9/48/65/67c6e01a57c7cdfdadffbe5c48c78637.jpg\" alt=\"Điện Thoại Samsung Galaxy A9 (2018) - H&agrave;ng Ch&iacute;nh H&atilde;ng\" width=\"750\" height=\"465\" /></p>\r\n<h5>Chuẩn nhiếp ảnh gia, đẹp đa g&oacute;c độ</h5>\r\n<p>Kh&aacute;m ph&aacute; Galaxy A9 (2018) - chiếc điện thoại sở hữu cụm 4 camera sau lần đầu ti&ecirc;n tr&ecirc;n thế giới. Trọn vẹn trải nghiệm đỉnh cao tr&ecirc;n M&agrave;n H&igrave;nh Tr&agrave;n Viền rộng 6.3 inch kết hợp c&ocirc;ng nghệ &acirc;m thanh xung quanh Dolby Atmos ưu việt. Thiết kế ấn tượng, đậm chất thời thượng cho bạn thoải m&aacute;i cầm nắm v&agrave; sử dụng tiện lợi, mọi l&uacute;c.</p>\r\n<p><img src=\"https://salt.tikicdn.com/ts/tmp/45/e5/ff/3bdab4b6ea4c43ea5ff87f81cfc62af2.jpg\" alt=\"Điện Thoại Samsung Galaxy A9 (2018) - H&agrave;ng Ch&iacute;nh H&atilde;ng\" width=\"750\" height=\"579\" /></p>\r\n<h5>4 camera đỉnh cao, ho&agrave;n hảo mọi g&oacute;c chụp</h5>\r\n<p>Với 4 camera sau ấn tượng, điện thoại Galaxy A9 (2018) bắt trọn mọi khoảnh khắc, n&acirc;ng cấp chất lượng h&igrave;nh ảnh tức th&igrave; với c&aacute;c t&iacute;nh năng th&ocirc;ng minh như Tối Ưu H&oacute;a Cảnh v&agrave; Nhận Diện Ảnh Lỗi. H&atilde;y lu&ocirc;n sẵn s&agrave;ng cho ra đời những bức ảnh đẹp ho&agrave;n hảo, thỏa sức s&aacute;ng tạo với thế hệ camera th&ocirc;ng minh hơn gấp 4 lần.</p>\r\n<p><img src=\"https://salt.tikicdn.com/ts/tmp/64/0b/a2/665d1ef9dee677e16a88a9cc09a3d973.jpg\" alt=\"Điện Thoại Samsung Galaxy A9 (2018) - H&agrave;ng Ch&iacute;nh H&atilde;ng\" width=\"750\" height=\"520\" /></p>\r\n<h5>Camera Zoom x2 quang học cực n&eacute;t</h5>\r\n<p>Ống k&iacute;nh Tele 10MP si&ecirc;u zoom x2 quang học mang đến khả năng bắt mọi chủ thể tầm xa một c&aacute;ch r&otilde; r&agrave;ng v&agrave; sắc n&eacute;t đến từng chi tiết, cho bạn bức ảnh đẹp nhất bất chấp mọi khoảng c&aacute;ch.</p>\r\n<p><img src=\"https://salt.tikicdn.com/ts/tmp/dd/1c/b8/3e5d82bcda74bed1b08aa4d89f821366.jpg\" alt=\"Điện Thoại Samsung Galaxy A9 (2018) - H&agrave;ng Ch&iacute;nh H&atilde;ng\" width=\"750\" height=\"422\" /></p>\r\n<p><img src=\"https://salt.tikicdn.com/ts/tmp/0c/2c/66/dcdec93ffd989e9e345b315bb69e1936.jpg\" alt=\"Điện Thoại Samsung Galaxy A9 (2018) - H&agrave;ng Ch&iacute;nh H&atilde;ng\" width=\"750\" height=\"422\" /></p>', 6990000, '2020-01-06 03:34:49', '2020-01-06 03:34:49', 0, 7080000, 15, 12, 0, 3, 10000, 0, 0, 1, 3),
(31, 'Smart Tivi QLED Samsung 55 inch 4K UHD QA55Q65RAKXXV - Hàng Chính Hãng', 12, '<h5>Thiết kế hiện đại sang trọng</h5>\r\n<p><strong>Smart Tivi QLED Samsung 55 inch 4K UHD QA55Q65RAKXXV</strong>&nbsp;được thiết kế sang trọng với viền m&agrave;n h&igrave;nh mỏng đi k&egrave;m k&iacute;ch thước m&agrave;n h&igrave;nh lớn th&iacute;ch hợp để đặt ở những gian ph&ograve;ng rộng như ph&ograve;ng kh&aacute;ch, ph&ograve;ng hội họp,</p>\r\n<p><img src=\"https://salt.tikicdn.com/ts/tmp/2a/06/9a/4bcb69b8eabddc628eb762356f827a71.jpg\" alt=\"Smart Tivi QLED Samsung 82 inch 4K UHD QA82Q65RAKXXV\" width=\"750\" height=\"311\" /></p>\r\n<h5>C&ocirc;ng nghệ m&agrave;n h&igrave;nh chấm lượng tử</h5>\r\n<p>Với c&ocirc;ng nghệ n&agrave;y hay c&ograve;n được gọi l&agrave; QLED sẽ gi&uacute;p cho h&igrave;nh ảnh hiển thị tr&ecirc;n tivi rực rỡ sống động hơn. Ngo&agrave;i ra đi c&ugrave;ng c&ocirc;ng nghệ Quantum HDR 32X với khả năng tối ưu h&oacute;a dải tương phản HDR theo mỗi ph&acirc;n cảnh kh&aacute;c nhau, t&aacute;i hiện tỉ mỉ từng chi tiết nhỏ nhất v&agrave; tạo n&ecirc;n chất lượng h&igrave;nh ảnh đỉnh cao theo đ&uacute;ng &yacute; từ nh&agrave; sản xuất. Ho&agrave;n hảo từng sắc m&agrave;u cuộc sống ngay trong ch&iacute;nh kh&ocirc;ng gian bạn.</p>\r\n<p><img src=\"https://salt.tikicdn.com/ts/tmp/31/3e/50/04aa0a8500a62386d3be6fb43d13d934.jpg\" alt=\"Smart Tivi QLED Samsung 82 inch 4K UHD QA82Q65RAKXXV\" width=\"750\" height=\"493\" /></p>\r\n<h5>Độ ph&acirc;n giải 4K sắc n&eacute;t gấp 4 lần Full HD</h5>\r\n<p>Với độ ph&acirc;n giải n&agrave;y sẽ cho ph&eacute;p tivi hiển thị độ n&eacute;t gấp 4 lần tivi Full HD th&ocirc;ng thường.</p>\r\n<h5>Truyền Tải Trọn Vẹn 100% Dải Sắc M&agrave;u</h5>\r\n<p>Ph&aacute;t triển độc quyền bởi Samsung, c&ocirc;ng nghệ Chấm Lượng Tử mang đến khả năng t&aacute;i tạo 100% dải sắc m&agrave;u tr&ecirc;n m&agrave;n h&igrave;nh QLED TV thế hệ mới, cho từng khung h&igrave;nh d&ugrave; s&aacute;ng rực rỡ hay đen s&acirc;u thẳm lu&ocirc;n trở n&ecirc;n ch&acirc;n thực v&agrave; sắc n&eacute;t ho&agrave;n hảo.</p>\r\n<p><img src=\"https://salt.tikicdn.com/ts/tmp/ad/0c/fa/a04ec58d58e243f91d84606791250741.jpg\" alt=\"Smart Tivi QLED Samsung 82 inch 4K UHD QA82Q65RAKXXV\" width=\"750\" height=\"405\" /></p>\r\n<h5>Tương Phản Tuyệt Đối, Sắc N&eacute;t Vượt Trội</h5>\r\n<p>C&ocirc;ng Nghệ Direct Full Array 4X với khả năng kiểm so&aacute;t đ&egrave;n nền trong từng khung h&igrave;nh tr&igrave;nh chiếu, c&ocirc;ng nghệ Direct Full Array 4X từ QLED truyền tải ấn tượng c&aacute;c chi tiết h&igrave;nh ảnh phức tạp nhất, tạo n&ecirc;n độ s&acirc;u đ&aacute;ng kinh ngạc cho nội dung hiển thị.</p>\r\n<h5>Giảm Thiểu Giựt H&igrave;nh Hiệu Quả</h5>\r\n<p>Lu&ocirc;n dẫn đầu mọi cuộc chơi, thoả th&iacute;ch đắm ch&igrave;m trong c&aacute;c m&agrave;n game đỉnh cao với c&ocirc;ng nghệ FreeSync (VRR) t&iacute;ch hợp tr&ecirc;n QLED TV gi&uacute;p giảm thiểu t&igrave;nh trạng giựt h&igrave;nh, tối ưu tốc độ phản hồi game thời gian thực.</p>\r\n<p><img src=\"https://salt.tikicdn.com/ts/tmp/de/9b/15/24e2d10e6f697c0d1ea4f03802b262c3.jpg\" alt=\"Smart Tivi QLED Samsung 82 inch 4K UHD QA82Q65RAKXXV\" width=\"750\" height=\"647\" /></p>\r\n<h5>Bộ Xử L&yacute; Quantum 4K Mạnh Mẽ</h5>\r\n<p>Bộ Xử L&yacute; Quantum 4K ti&ecirc;n tiến từ Samsung sử dụng thuật to&aacute;n đặc biệt để xử l&yacute; v&agrave; n&acirc;ng cao chất lượng h&igrave;nh ảnh, tự động điều chỉnh tối ưu độ s&aacute;ng, &acirc;m thanh TV để th&iacute;ch ứng với mọi điều kiện ph&ograve;ng v&agrave; nội dung hiển thị.</p>\r\n<p><img src=\"https://salt.tikicdn.com/ts/tmp/d9/c6/6c/be4f5df529a5ebe297e4cd801655cc86.jpg\" alt=\"Smart Tivi QLED Samsung 82 inch 4K UHD QA82Q65RAKXXV\" width=\"750\" height=\"545\" /></p>', 16000000, '2020-01-06 03:36:45', '2020-01-06 03:36:45', 0, 16600000, 15, 11, 0, 3, 100000, 0, 0, 1, 4),
(32, 'Smart Tivi Samsung 55 inch 4K UHD UA55RU8000KXXV - Hàng Chính Hãng', 12, '<h5>Thiết kế hiện đại, viền si&ecirc;u mỏng</h5>\r\n<p><strong>Smart Tivi Samsung 55 inch 4K UHD UA55RU8000KXXV</strong>&nbsp;c&oacute; thiết kế viền mỏng với kiểu d&aacute;ng cứng c&aacute;p, thể hiện sự hiện đại v&agrave; tinh tế. C&ugrave;ng với đ&oacute; l&agrave; phần ch&acirc;n đế được tạo kiểu h&agrave;i h&ograve;a, chắc chắn, cho ph&eacute;p tivi c&oacute; thể đứng vững v&agrave;ng ở nhiều dạng mặt phẳng kh&aacute;c nhau. M&agrave;n h&igrave;nh c&oacute; k&iacute;ch cỡ 55 inch, bạn c&oacute; thể đặt tivi tại c&aacute;c kh&ocirc;ng gian rộng r&atilde;i như ph&ograve;ng kh&aacute;ch, ph&ograve;ng họp trong c&ocirc;ng ty.</p>\r\n<p><img src=\"https://salt.tikicdn.com/ts/tmp/f2/cf/5f/1a5952db2d692460707828304a3514b6.jpg\" alt=\"\" width=\"750\" height=\"422\" /></p>\r\n<h5>Độ ph&acirc;n giải 4K UHD</h5>\r\n<p>Samsung UA55RU8000KXXV c&oacute; m&agrave;n h&igrave;nh được trang bị độ ph&acirc;n giải Ultra HD 4K cho độ n&eacute;t h&igrave;nh ảnh cao gấp 4 lần độ ph&acirc;n giải Full HD th&ocirc;ng thường, ch&acirc;n thực đến từng chi tiết nhỏ nhất, kh&ocirc;ng c&ograve;n bị hiện tượng nho&egrave;, răng cưa&hellip; đem đến cho người d&ugrave;ng những trải nghiệm h&igrave;nh ảnh với chất lượng tuyệt hảo.&nbsp;</p>\r\n<p><img src=\"https://salt.tikicdn.com/ts/tmp/30/f4/1d/ffb8036070febc3681ae8ce9f563d0b3.jpg\" alt=\"\" width=\"750\" height=\"422\" /></p>\r\n<h5>C&ocirc;ng nghệ n&acirc;ng cao độ tương phản HDR</h5>\r\n<p>Với c&ocirc;ng nghệ HDR n&acirc;ng cao độ tương phản, gi&uacute;p tăng khả năng hiển thị của m&agrave;u sắc, tăng cường chiều s&acirc;u cho h&igrave;nh ảnh, hiển thị màu trắng sáng nh&acirc;́t và màu đen t&ocirc;́t nh&acirc;́t, mang đến những trải nghiệm tuyệt vời. B&ecirc;n cạnh đ&oacute;, dải m&agrave;u rộng cho h&igrave;nh ảnh được tăng cấp độ m&agrave;u sắc, đem đến những khung h&igrave;nh ch&acirc;n thật như đời thực.</p>\r\n<h5>HDR Elite, cảm nhận từng chi tiết ẩn s&acirc;u</h5>\r\n<p>Kh&ocirc;ng bỏ lỡ bất kỳ khung cảnh n&agrave;o với Samsung Premium UHD TV. HDR Elite mở rộng dải s&aacute;ngcho bạn đắm ch&igrave;m trong từng chi tiết ấn tượng v&agrave; cảm nhận độ tương phản sắc n&eacute;t ngay cả trong khung h&igrave;nh tối hay s&aacute;ng.</p>\r\n<p><img src=\"https://salt.tikicdn.com/ts/tmp/5a/cd/aa/5eb0a2a2b7075fb9dae32c672136d26e.jpeg\" alt=\"\" width=\"750\" height=\"421\" /></p>\r\n<h5>C&ocirc;ng Nghệ UHD Dimming</h5>\r\n<p>C&ocirc;ng nghệ UHD Dimming chia h&igrave;nh ảnh th&agrave;nh từng khối nhỏ để tối ưu h&oacute;a m&agrave;u sắc, độ n&eacute;t v&agrave; độ tương phản cho h&igrave;nh ảnh trở n&ecirc;n ch&acirc;n thực v&agrave; sống động đến bất ngờ.</p>\r\n<h5>Ultra Slim Array</h5>\r\n<p>Cảm nhận từng chi tiết vượt ra khỏi giới hạn khung h&igrave;nh với c&aacute;c mức độ tương phản s&acirc;u. Ultra Slim Array điều chỉnh &aacute;nh s&aacute;ng đ&egrave;n nền, cho sắc đen s&acirc;u thẳm v&agrave; sắc trắng s&aacute;ng r&otilde; hơn.</p>\r\n<p><img src=\"https://salt.tikicdn.com/ts/tmp/31/ea/bd/ae74dada614ea4b8f2277ab66e7a1835.JPG\" alt=\"\" width=\"750\" height=\"422\" /></p>\r\n<h5>Chế độ game đỉnh cao</h5>\r\n<p>Lu&ocirc;n dẫn đầu mọi cuộc chơi, thoả th&iacute;ch đắm ch&igrave;m trong c&aacute;c m&agrave;n game đỉnh cao với c&ocirc;ng nghệ FreeSync (VRR) t&iacute;ch hợp tr&ecirc;n Samsung UHD TV gi&uacute;p giảm thiểu độ trễ đường truyền, tối ưu tốc độ phản hồi game thời gian thực.&nbsp;</p>\r\n<p><img src=\"https://salt.tikicdn.com/ts/tmp/86/25/40/dcdc90f64fde0db050511bfe40bef5ac.jpeg\" alt=\"\" width=\"750\" height=\"425\" /></p>\r\n<h5>Smart Hub v&agrave; One Remote</h5>\r\n<p>Sự kết hợp giữa Smart Hub v&agrave; điều khiển th&ocirc;ng minh One Remote gi&uacute;p bạn thoải m&aacute;i thưởng thức mọi nội dung y&ecirc;u th&iacute;ch, chơi game, truy cập ứng dụng, hộp truyền h&igrave;nh kỹ thuật số hay thưởng thức c&aacute;c chương tr&igrave;nh TV trực tiếp một c&aacute;ch đơn giản v&agrave; nhanh ch&oacute;ng.</p>\r\n<h5>Kết Nối Kh&ocirc;ng Giới Hạn Với SmartThings</h5>\r\n<p>X&acirc;y dựng kh&ocirc;ng gian sống hiện đại với hệ sinh th&aacute;i đỉnh cao từ Samsung. Tận hưởng tiện &iacute;ch kết nối th&ocirc;ng minh, trực quan v&agrave; liền mạch giữa c&aacute;c thiết bị cảm ứng v&agrave; IoT trong ng&ocirc;i nh&agrave; bạn với SmartThings được t&iacute;ch hợp ngay tr&ecirc;n UHD TV từ Samsung.</p>\r\n<p><img src=\"https://salt.tikicdn.com/ts/tmp/da/8e/de/b8f8512fee857f9a4e404d16bb47a341.png\" alt=\"\" width=\"750\" height=\"497\" /></p>\r\n<h5>Hệ điều h&agrave;nh Tizen OS th&acirc;n thiện</h5>\r\n<p>Chiếc tivi được t&iacute;ch hợp hệ điều h&agrave;nh Tizen OS c&ugrave;ng khả năng kết nối internet, đ&aacute;p ứng được c&aacute;c nhu cầu giải tr&iacute; cho gia đ&igrave;nh bạn từ kho ứng dụng phong ph&uacute; Google Play với c&aacute;c ứng dụng như Youtube, Netflix, Fim+, FPT P One Depth thu gọn c&aacute;c nội dung kh&aacute;c nhau tr&ecirc;n c&ugrave;ng một m&agrave;n h&igrave;nh, cho ph&eacute;p bạn truy cập tất cả c&aacute;c thiết bị v&agrave; nội dung giải tr&iacute; đơn giản, nhanh ch&oacute;ng.</p>\r\n<p><img src=\"https://salt.tikicdn.com/ts/tmp/60/ca/b1/5adf7b68d26f', 14970000, '2020-01-06 03:38:35', '2020-01-16 03:38:35', 0, 15370000, 15, 13, 0, 3, 50000, 0, 0, 0, 3),
(33, 'Laptop Asus Vivobook 14 A412FA-EK224T Core i5-8265U/ Win10 (14 FHD) - Hàng Chính Hãng', 9, '<h5>Đắm ch&igrave;m kh&ocirc;ng giới hạn</h5>\r\n<p><strong>Laptop Asus Vivobook 14 A412FA-EK224T Core i5-8265U/ Win10 (14 FHD)</strong>&nbsp;gi&uacute;p x&oacute;a tan mọi giới hạn về năng lực, khơi nguồn cảm hứng cho bạn ph&aacute; vỡ những ranh giới mới. Thiết kế&nbsp;<strong>NanoEdge</strong>&nbsp;kh&ocirc;ng viền tr&ecirc;n bốn cạnh mới mang đến cho VivoBook 14 một m&agrave;n h&igrave;nh gần như kh&ocirc;ng c&oacute; viền đen với diện t&iacute;ch hiển thị lớn v&agrave; trải nghiệm h&igrave;nh ảnh cực kỳ sống động cho cả l&agrave;m việc v&agrave; giải tr&iacute;. Ngay cả với viền si&ecirc;u mỏng, th&igrave; viền tr&ecirc;n vẫn kh&ocirc;ng thể thiếu đi camera HD đầy cảm hứng để bạn tr&ograve; chuyện video với gia đ&igrave;nh v&agrave; bạn b&egrave; tr&ecirc;n khắp thế giới.</p>\r\n<h5>C&ugrave;ng bạn đến bất cứ nơi đ&acirc;u</h5>\r\n<p>VivoBook 14 c&oacute; k&iacute;ch thước nhỏ gọn, th&acirc;n thiện với di chuyển v&agrave; nhẹ đến kinh ngạc, bạn chỉ việc đặt v&agrave;o t&uacute;i x&aacute;ch v&agrave; tận hưởng trải nghiệm m&aacute;y t&iacute;nh đ&iacute;ch thực mọi l&uacute;c mọi nơi.</p>\r\n<h5>N&acirc;ng tầm trải nghiệm</h5>\r\n<p>Đặc biệt, VivoBook 14 với khả năng v&agrave; năng suất v&ocirc; hạn. Bản lề gia c&ocirc;ng ch&iacute;nh x&aacute;c ErgoLift mang tới t&aacute;c dụng k&eacute;p v&ocirc; c&ugrave;ng &ecirc;m &aacute;i, vừa giữ cố định m&agrave;n h&igrave;nh ở mọi g&oacute;c độ vừa n&acirc;ng b&agrave;n ph&iacute;m cao hơn 2&deg; đến vị tr&iacute; g&otilde; ph&iacute;m ho&agrave;n hảo ph&ugrave; hợp với mọi điều kiện.</p>\r\n<h5>Chinh phục mọi giới hạn với hiệu năng mượt m&agrave;</h5>\r\n<p>Với bộ vi xử l&yacute; Intel Core mới nhất v&agrave; card đồ họa rời NVIDIA t&ugrave;y theo nhu cầu cấu h&igrave;nh, bạn sẽ lu&ocirc;n sẵn s&agrave;ng cho mọi thử th&aacute;ch ph&iacute;a trước nhờ khả năng l&agrave;m việc đa nhiệm, chỉnh sửa đa phương tiện v&agrave; chơi game phổ th&ocirc;ng. V&agrave; với Wi-Fi 802.11ac hai băng tần, bạn sẽ được tận hưởng trải nghiệm trực tuyến si&ecirc;u nhanh với tốc độ l&ecirc;n đến 867Mbps.</p>\r\n<h5>Thời gian tải nhanh hơn, dung lượng lưu trữ lớn hơn</h5>\r\n<p>VivoBook 14 sở hữu thiết kế ổ lưu trữ k&eacute;p mang đến cho bạn hiệu năng xử l&yacute; dữ liệu si&ecirc;u nhanh v&agrave; dung lượng lưu trữ lớn. C&agrave;i đặt tất cả c&aacute;c ứng dụng tr&ecirc;n SSD để c&oacute; thời gian phản hồi v&agrave; tải ứng dụng si&ecirc;u nhanh, đồng thời sử dụng HDD để lưu trữ c&aacute;c tệp tin lớn như phim, thư viện nhạc v&agrave; album ảnh. VivoBook 14 c&ograve;n trang bị c&ocirc;ng nghệ bộ nhớ Intel Optane gi&uacute;p tải ứng dụng nhanh hơn v&agrave; xử l&yacute; đa nhiệm mượt m&agrave; hơn. Bạn sẽ nhận được những lợi &iacute;ch lớn nhất từ hai c&ocirc;ng nghệ, đ&oacute; l&agrave; mức hiệu năng tương đương với tr&ecirc;n SSD v&agrave; dung lượng lưu trữ lớn c&oacute; được từ ổ đĩa cứng truyền thống.</p>\r\n<h5>Đăng nhập một chạm với Windows Hello</h5>\r\n<p>Mở kh&oacute;a m&aacute;y t&iacute;nh x&aacute;ch tay dễ d&agrave;ng v&agrave; bảo mật hơn bao giờ hết. Nhờ cảm biến v&acirc;n tay t&iacute;ch hợp trong b&agrave;n di chuột của VivoBook 14 c&ugrave;ng với Windows Hello, bạn sẽ kh&ocirc;ng cần nhập mật khẩu mỗi khi đăng nhập, chỉ cần một lần chạm l&agrave; đủ.</p>\r\n<h5>Kết nối sức mạnh</h5>\r\n<p>VivoBook 14 được trang bị cổng USB Type-C (USB-C ) cho ph&eacute;p kết nối hai chiều, hỗ trợ thiết kế hai mặt khiến cho việc kết nối c&aacute;c thiết bị trở n&ecirc;n dễ d&agrave;ng nhất c&oacute; thể. USB-C c&ograve;n đem đến tốc độ truyền dữ liệu nhanh hơn đến 10 lần7 so với c&aacute;c chuẩn kết nối USB 2.0 trước đ&acirc;y! Ngo&agrave;i ra c&ograve;n c&oacute; cổng USB 3.1 Thế hệ 1 v&agrave; USB 2.0, đầu ra HDMI v&agrave; đầu đọc thẻ microSD &ndash; cho ph&eacute;p bạn kết nối dễ d&agrave;ng với tất cả c&aacute;c thiết bị ngoại vi hiện tại, m&agrave;n h&igrave;nh v&agrave; m&aacute;y chiếu m&agrave; kh&ocirc;ng gặp một ch&uacute;t phiền phức.</p>\r\n<h5>Hoạt động năng suất cả ng&agrave;y d&agrave;i</h5>\r\n<p>VivoBook 14 gi&uacute;p bạn di chuyển l&acirc;u hơn nhờ pin lithium-polymer chất lượng cao cho cả ng&agrave;y sử dụng m&aacute;y t&iacute;nh. C&ocirc;ng nghệ ASUS Battery Health Charging t&iacute;ch hợp độc quyền của ASUS gi&uacute;p bảo vệ pin kh&ocirc;ng bị sạc qu&aacute; mức, nhờ đ&oacute; k&eacute;o d&agrave;i tuổi thọ pin v&agrave; giảm khả năng hư hại do phồng pin, đảm bảo pin lu&ocirc;n ở t&igrave;nh trạng tuyệt vời.</p>\r\n<h5>Mang tới &acirc;m thanh truyền cảm</h5>\r\n<p>ASUS SonicMaster l&agrave; sự kết hợp ho&agrave;n hảo giữa phần cứng, phần mềm v&agrave; khả năng tinh chỉnh &acirc;m thanh được thiết kế nhằm đem đến cho bạn trải nghiệm &acirc;m thanh tốt nhất. Bộ m&atilde; codec cấp chuy&ecirc;n gia đảm bảo m&atilde; h&oacute;a v&agrave; giải m&atilde; &acirc;m thanh ch&iacute;nh x&aacute;c, trong khi đ&oacute;, c&aacute;c bộ khuếch đại v&agrave; c&aacute;c loa c&ocirc;ng suất lớn c&ugrave;ng với c&aacute;c buồng cộng hưởng ph&ugrave; hợp ho&agrave;n hảo với VivoBook 14 đảm bảo mang đến &a', 15190000, '2020-01-06 04:00:56', '2020-01-16 04:00:56', 0, 15890000, 15, 11, 0, 2, 100000, 0, 0, 0, 4);
INSERT INTO `sanpham` (`IdSanPham`, `TenSanPham`, `LoaiSanPham`, `ChiTiet`, `GiaKhoiDiem`, `NgayDang`, `NgayHetHan`, `GiaBanToiThieu`, `GiaHienTai`, `IdNguoiBan`, `IdNguoiThang`, `GiaMuaNgay`, `SoLuotRaGia`, `BuocGia`, `TinhTrang`, `TuGiaHan`, `DanhGia`, `SoHinh`) VALUES
(34, 'Laptop ASUS ROG Strix G G731-VEV089T', 9, '<h5>Chủ cuộc chơi, đỉnh vinh quang</h5>\r\n<p><strong>Laptop ASUS ROG Strix G G731-VEV089T</strong>&nbsp;l&agrave; hiện th&acirc;n của phong c&aacute;ch thiết kế tối giản, mang đến trải nghiệm cốt l&otilde;i m&atilde;nh liệt nhất, dư sức để chơi những tựa game nặng v&agrave; xử l&yacute; đa nhiệm tr&ecirc;n Windows 10 Home. Trang bị bộ vi xử l&yacute; Intel Core thế hệ thứ 9 mới nhất v&agrave; đồ họa GeForce RTX 2060, chiếc laptop gaming n&agrave;y mang hiệu năng chơi game đầy thuyết phục tới đ&ocirc;ng đảo giới game thủ. Hệ thống l&agrave;m m&aacute;t th&ocirc;ng minh khai ph&aacute; triệt để tiềm năng của bộ vi xử l&yacute; ti&ecirc;n tiến bậc nhất, trong khi đ&oacute; c&ocirc;ng nghệ RangeBoost mang đến cho m&ocirc;i trường của bạn t&iacute;n hiệu Wi-Fi mạnh nhất c&oacute; thể. Bất cứ khi n&agrave;o bạn chơi game, kh&ocirc;ng gian xung quanh lại được trang ho&agrave;ng bằng &aacute;nh s&aacute;ng Aura Sync ph&aacute;t ra từ dải đ&egrave;n mới nằm tr&ecirc;n ba cạnh m&aacute;y c&ugrave;ng với b&agrave;n ph&iacute;m RGB 4 v&ugrave;ng.</p>\r\n<p><img src=\"https://salt.tikicdn.com/ts/tmp/32/c3/4a/01f99b2a3924431a9c06d09b29094b6d.jpg\" alt=\"Laptop ASUS ROG Strix G G731-VEV089T (Core i7-9750H/ 16GB DDR4 2666MHz/ 512GB SSD PCIE/ RTX 2060 6GB/ 17.3 FHD IPS 144Hz/3ms/ Win10) - H&agrave;ng Ch&iacute;nh H&atilde;ng\" width=\"750px\" height=\"486px\" /></p>\r\n<h5>Triết l&iacute; thiết kế mới &ndash; H&igrave;nh thức phục vụ chức năng</h5>\r\n<p>ASUS ROG Strix G G731-VEV089T&nbsp;được truyền cảm hứng bởi Nh&oacute;m BMW Designworks, Strix G h&ograve;a hợp giữa h&igrave;nh thức v&agrave; chức năng với v&ugrave;ng lưu th&ocirc;ng kh&iacute; 3D để tạo n&ecirc;n một hệ thống l&agrave;m m&aacute;t hiện đại nhất m&agrave; bạn từng thấy. Đường cắt ch&eacute;o nắp lưng tương phản tr&ecirc;n mặt ho&agrave;n thiện bằng nh&ocirc;m phay xước, &ocirc; kho&eacute;t bất đối xứng nổi bật đảm bảo luồng kh&iacute; lưu th&ocirc;ng kh&ocirc;ng giới hạn quanh mặt lưng, tại đ&oacute; bản lề kiểu cửa cắt k&eacute;o tạo th&ecirc;m kh&ocirc;ng gian th&ocirc;ng kh&iacute;. H&igrave;nh khối chạm khắc v&agrave; c&aacute;c bề mặt giấu kh&eacute;o l&eacute;o cộng hưởng với phong c&aacute;ch trầm tĩnh m&agrave; bạn c&oacute; thể tạo điểm nhấn bằng dải đ&egrave;n t&ugrave;y chọn tỏa &aacute;nh s&aacute;ng RGB quanh c&aacute;c cạnh m&aacute;y - một chiếc&nbsp;laptop gaming&nbsp;đẹp ma mị.</p>\r\n<p><img src=\"https://salt.tikicdn.com/ts/tmp/e4/1b/90/dfdcb5c67c47e073ebccf79fb5c50c63.JPG\" alt=\"Laptop ASUS ROG Strix G G731-VEV089T (Core i7-9750H/ 16GB DDR4 2666MHz/ 512GB SSD PCIE/ RTX 2060 6GB/ 17.3 FHD IPS 144Hz/3ms/ Win10) - H&agrave;ng Ch&iacute;nh H&atilde;ng\" width=\"750px\" height=\"419px\" /></p>\r\n<p><img src=\"https://salt.tikicdn.com/ts/tmp/f7/ab/97/0fd81c949e05d90bf75d00c98338c752.JPG\" alt=\"Laptop ASUS ROG Strix G G731-VEV089T (Core i7-9750H/ 16GB DDR4 2666MHz/ 512GB SSD PCIE/ RTX 2060 6GB/ 17.3 FHD IPS 144Hz/3ms/ Win10) - H&agrave;ng Ch&iacute;nh H&atilde;ng\" width=\"750px\" height=\"515px\" /></p>\r\n<p><img src=\"https://salt.tikicdn.com/ts/tmp/ca/b8/d5/444f12165305e8b113ec9b45022d8263.jpg\" alt=\"Laptop ASUS ROG Strix G G731-VEV089T (Core i7-9750H/ 16GB DDR4 2666MHz/ 512GB SSD PCIE/ RTX 2060 6GB/ 17.3 FHD IPS 144Hz/3ms/ Win10) - H&agrave;ng Ch&iacute;nh H&atilde;ng\" width=\"750px\" height=\"425px\" /></p>\r\n<p><img src=\"https://salt.tikicdn.com/ts/tmp/3c/bc/18/26c2aa6e6bb23c35afc01a1c8e4b1f56.JPG\" alt=\"Laptop ASUS ROG Strix G G731-VEV089T (Core i7-9750H/ 16GB DDR4 2666MHz/ 512GB SSD PCIE/ RTX 2060 6GB/ 17.3 FHD IPS 144Hz/3ms/ Win10) - H&agrave;ng Ch&iacute;nh H&atilde;ng\" width=\"750px\" height=\"444px\" /></p>\r\n<p><img src=\"https://salt.tikicdn.com/ts/tmp/2c/67/2c/c82eb54249120106a3cbdd55212ade1f.jpg\" alt=\"Laptop ASUS ROG Strix G G731-VEV089T (Core i7-9750H/ 16GB DDR4 2666MHz/ 512GB SSD PCIE/ RTX 2060 6GB/ 17.3 FHD IPS 144Hz/3ms/ Win10) - H&agrave;ng Ch&iacute;nh H&atilde;ng\" width=\"750px\" height=\"692px\" /></p>\r\n<h5>N&acirc;ng tầm trải nghiệm chơi game</h5>\r\n<p>Linh hoạt giữa tốc độ chơi game v&agrave; l&agrave;m việc chuy&ecirc;n s&acirc;u&nbsp;ASUS ROG Strix G G731-VEV089T&nbsp;với đồ họa l&ecirc;n tới GeForce RTX 2070 được hậu thuẫn bởi ROG Boost cho xung nhịp l&ecirc;n đến 1540MHz tại c&ocirc;ng suất 115W, Strix G mang đến h&igrave;nh ảnh tuyệt đẹp l&agrave;m bạn ch&igrave;m đắm s&acirc;u hơn. Bộ vi xử l&yacute;&nbsp;Intel Core&nbsp;i7-9750H&nbsp;mới nhất kết hợp với RAM DDR4-2666 l&ecirc;n đến 32GB cho ph&eacute;p chạy mọi tựa game v&agrave; ứng dụng &ldquo;ngốn t&agrave;i nguy&ecirc;n&rdquo; một c&aacute;ch nhẹ nh&agrave;ng. Dung lượng lưu trữ cực đ&atilde;, gồm một SSD M.2 NVMe PCIe 3.0 l&ecirc;n tới 1TB v&agrave; một SSHD FireCuda 1TB, cho ph&eacute;p bạn thoải m&aacute;i mang theo b&ecirc;n m&igrave;nh cả thư viện game v&agrave; kho lưu trữ c&ocirc;ng việc đến bất cứ đ&acirc;u t&ugrave;y th&iacute;ch.</p>\r\n<p><img src=\"https://salt.tikicdn.com/ts/tmp/1d/75/be/4d9e337bf35f9fc2cbe646b138996c90.JPG\" alt=\"Laptop ASUS ROG Strix G G731-VEV089T (Core i7-9750H/ 16GB DDR4 266', 38700000, '2020-01-06 04:03:18', '2020-01-16 04:03:18', 0, 39100000, 15, 13, 0, 2, 100000, 0, 0, 0, 4),
(35, 'Máy Ảnh Selfie Lấy Liền Fujifilm Instax Mini 9 - Ice Blue - Hàng Chính Hãng', 11, '<h5><strong>Thiết kế trẻ trung, hiện đại</strong></h5>\r\n<p><strong>M&aacute;y Ảnh Selfie Lấy Liền Fujifilm Instax Mini 9&nbsp;</strong>được thiết kế nhỏ gọn, với vẻ ngo&agrave;i cực \"cute\" v&agrave; cực \"cool\". Sở hữu ngoại h&igrave;nh với đường cong khỏe khoắn, mạnh mẽ nhưng kh&aacute; ngộ nghĩnh v&agrave; đ&aacute;ng y&ecirc;u. Nhỏ gọn v&agrave; trọng lượng si&ecirc;u nhẹ m&aacute;y th&iacute;ch hợp cho việc mang theo b&ecirc;n m&igrave;nh khi chơi hay đi du lịch m&agrave; kh&ocirc;ng hề gặp bất kỳ kh&oacute; khăn n&agrave;o. M&aacute;y với nhiều m&agrave;u sắc bắt mắt c&ugrave;ng với kiểu d&aacute;ng hiện đại, lạ mắt c&ograve;n l&agrave; m&oacute;n phụ kiện để bạn tha hồ mix với những bộ c&aacute;nh thời trang, để bạn tự tin xuống phố v&agrave; tha hồ thể hiện c&aacute; t&iacute;nh thời trang của m&igrave;nh.</p>\r\n<h5><strong>D&agrave;nh cho những t&iacute;n đồ Selfie</strong></h5>\r\n<p>Nắm bắt được nhu cầu chụp ảnh Selfie của c&aacute;c bạn trẻ,&nbsp;<strong>Fujifilm Instax Mini 9 đ&atilde; được t&iacute;ch hợp một c&aacute;i gương nhỏ t&iacute; ti để bạn c&oacute; thể canh khung chuẩn hơn khi chụp h&igrave;nh.</strong></p>\r\n<h5><strong>Chất lượng h&igrave;nh ảnh tuyệt vời</strong></h5>\r\n<p>Những tấm h&igrave;nh nho nhỏ chỉ bằng những chiếc thẻ ATM nhưng h&igrave;nh ảnh được thể hiện r&otilde; n&eacute;t, m&agrave;u sắc ch&acirc;n thực, tươi s&aacute;ng. Fujifilm Instax 9s cho chất lượng h&igrave;nh ảnh tuyệt vời, gi&uacute;p bạn lưu giữ những khoảnh khắc đẹp nhất của m&igrave;nh với người th&acirc;n v&agrave; bạn b&egrave;.</p>\r\n<h5><strong>Chụp h&igrave;nh dễ d&agrave;ng chỉ với v&agrave;i thao t&aacute;c</strong></h5>\r\n<p>M&aacute;y nhỏ gọn, vừa vặn l&ograve;ng b&agrave;n tay, thiết kế dễ d&agrave;ng điều chỉnh khi chụp h&igrave;nh.&nbsp;Với đ&egrave;n Flash t&iacute;ch hợp tự động c&ugrave;ng b&aacute;nh xe điều chỉnh điều kiện chụp,&nbsp;m&aacute;y ảnh gi&uacute;p bạn chụp ảnh dễ d&agrave;ng v&agrave; nhanh ch&oacute;ng. Hoạt động đơn giản chỉ với 3 bước. Chỉ cần nhấn n&uacute;t b&ecirc;n cạnh ống k&iacute;nh để hoạt động v&agrave; sau đ&oacute; điều chỉnh quay số đến vị tr&iacute; &aacute;nh s&aacute;ng ph&ugrave; hợp với sở th&iacute;ch v&agrave; điều kiện chụp. V&agrave; b&acirc;y giờ l&agrave; ngắm ống k&iacute;nh v&agrave; ghi lại khoảnh khắc đẹp nhất của bạn.</p>\r\n<h5><strong>In h&igrave;nh trong gi&acirc;y l&aacute;t</strong></h5>\r\n<p>Trong t&iacute;ch tắc ảnh của bạn sẽ hiện ra hết sức đẹp mắt v&agrave; ngoạn mục. Đừng bỏ lỡ bất cứ gi&acirc;y ph&uacute;t qu&yacute; gi&aacute;, h&agrave;i hước n&agrave;o của người m&agrave; bạn qu&yacute; mến hay cảnh sắc thi&ecirc;n nhi&ecirc;n quanh m&igrave;nh. Với t&iacute;nh năng in h&igrave;nh trong gi&acirc;y l&aacute;t bạn c&oacute; thể thưởng thức những bức h&igrave;nh của m&igrave;nh ngay sau khi chụp m&agrave; chất lượng h&igrave;nh ảnh vẫn kh&ocirc;ng hề thay đổi.</p>', 1560000, '2020-01-06 04:05:08', '2020-01-16 04:05:08', 0, 1610000, 15, 12, 0, 2, 10000, 0, 0, 0, 4),
(36, 'Máy Quay Phim Sony CX 405 - Hàng Chính Hãng', 12, '<p><strong>M&aacute;y Quay Phim Sony CX 405</strong></p>\r\n<p><strong>M&aacute;y Quay Phim Sony CX 405&nbsp;</strong>sẽ gi&uacute;p bạn ghi lại mọi khoảnh khắc của cuộc sống một c&aacute;ch ch&acirc;n thực v&agrave; sắc n&eacute;t nhất. M&aacute;y được trang bị bộ xử l&yacute; h&igrave;nh ảnh&nbsp;BIONZ X v&agrave; cảm biến&nbsp;BIONZ X c&ugrave;ng với tốc độ quay nhanh ch&oacute;ng gi&uacute;p bạn kh&ocirc;ng bỏ lỡ bất cứ khoảnh khắc đ&aacute;ng nhớ n&agrave;o trong cuộc sống.</p>\r\n<p>&nbsp;</p>\r\n<p><strong>Th&ocirc;ng tin sản phẩm</strong></p>\r\n<p><strong>Cảm biến Exmor R CMOS</strong></p>\r\n<p>Sản phẩm t&iacute;ch hợp c&ocirc;ng nghệ cảm biến Exmor R CMOS. C&ocirc;ng nghệ n&agrave;y gi&uacute;p m&aacute;y xử l&yacute; &aacute;nh s&aacute;ng hiệu quả hơn v&agrave; tăng đọ nhạy gấp đ&ocirc;i so với c&aacute;c cảm biến CMOS th&ocirc;ng thường. Nhờ đ&oacute;, M&aacute;y Quay Phim Sony CX 405 sẽ mang lại những h&igrave;nh ảnh r&otilde; n&eacute;t,&nbsp;sắc mịn v&agrave; giảm nhiễu trong những điều kiện thiếu &aacute;nh s&aacute;ng.</p>\r\n<p><img src=\"https://vcdn.tikicdn.com/ts/tmp/02/ac/1f/907f04dcab3aec9c2192e8b7d98dbd0d.jpg\" alt=\"M&aacute;y Quay Phim Sony CX 405\" width=\"900\" height=\"600\" /></p>\r\n<p><strong>Bộ xử l&yacute; h&igrave;nh ảnh&nbsp;BIONZ X</strong></p>\r\n<p>M&aacute;y Quay Phim Sony CX 405E được trang bị bộ xử l&yacute; h&igrave;nh ảnh&nbsp;BIONZ X gi&uacute;p m&aacute;y t&aacute;i tạo kết cấu v&agrave; chi tiết một c&aacute;ch trung thực, v&agrave; ngăn hiện tượng nhiễu ở những khu vực đặc biệt để đảm bảo cho bức ảnh lu&ocirc;n sắc mịn r&otilde; n&eacute;t. Nhờ đ&oacute;, bạn sẽ c&oacute; những video hiển thị h&igrave;nh ảnh một c&aacute;ch trung thực v&agrave; tự nhi&ecirc;n.</p>\r\n<p><img src=\"https://vcdn.tikicdn.com/ts/tmp/a1/ef/dd/a4726adfbdfeacce16f7fe79e371dab0.jpg\" alt=\"M&aacute;y Quay Phim Sony CX 405\" width=\"900\" height=\"600\" /></p>\r\n<p><strong>C&ocirc;ng nghệ Optical SteadyShot</strong></p>\r\n<p>C&ocirc;ng nghệ Optical SteadyShot &nbsp;sẽ gi&uacute;p m&aacute;y bắt trọn mọi sự chuyển động của vật thể. Kh&ocirc;ng chỉ thế, m&aacute;y c&ograve;n c&oacute; thể nhận diện&nbsp;v&agrave; hiệu chỉnh rung lắc m&aacute;y ảnh để đạt được h&igrave;nh ảnh r&otilde; n&eacute;t v&agrave; chi tiết kinh ngạc.</p>\r\n<p><img src=\"https://vcdn.tikicdn.com/ts/tmp/7c/b3/26/0d73f3a1608df3a70d86e13b92949239.jpg\" alt=\"M&aacute;y Quay Phim Sony CX 405\" width=\"900\" height=\"600\" /></p>\r\n<p><strong>Ống k&iacute;nh ZEISS&nbsp;Vario-Tessar</strong></p>\r\n<p>M&aacute;y được trang bị ống k&iacute;nh ZEISS&nbsp;Vario-Tessar c&oacute; độ ph&acirc;n giải cao, tương phản v&agrave; m&agrave;u sắc sinh động. V&igrave; thế, n&ecirc;n bạn sẽ được trải nghiệm sự chi tiết v&agrave; sắc n&eacute;t trong mỗi đoạn clip.</p>\r\n<p><img src=\"https://vcdn.tikicdn.com/ts/tmp/ea/cb/48/05734d6f49176dbe27f0087726ec0937.jpg\" alt=\"M&aacute;y Quay Phim Sony CX 405\" width=\"900\" height=\"600\" /></p>\r\n<p>&nbsp;</p>\r\n<p><strong>C&ocirc;ng nghệ&nbsp;Clear Image Zoom</strong></p>\r\n<p>Bạn c&oacute; thể ph&oacute;ng lớn l&ecirc;n đến&nbsp;60 lần nhờ c&ocirc;ng nghệ&nbsp;Clear Image Zoom . Bạn sẽ c&oacute; những bản ghi sắc n&eacute;t, hay ch&acirc;n dung tuyệt đẹp mặc d&ugrave; ở khoảng c&aacute;ch kh&aacute; xa.</p>\r\n<p><img src=\"https://vcdn.tikicdn.com/ts/tmp/0f/ff/a0/44ab9a7ac00446f10445326d39a0c810.jpg\" alt=\"M&aacute;y Quay Phim Sony CX 405\" width=\"900\" height=\"600\" /></p>\r\n<p><strong>Tốc độ quay nhanh ch&oacute;ng</strong></p>\r\n<p>M&aacute;y Quay Phim Sony CX 405E cho tốc độ ghi h&igrave;nh l&ecirc;n đến&nbsp;50Mbps với định dạng XAVC S. Bạn sẽ c&oacute; những cảnh quay ngoạn mục với những h&igrave;nh ảnh r&otilde; n&eacute;t.</p>\r\n<p><img src=\"https://vcdn.tikicdn.com/ts/tmp/c5/28/da/7cc5da7c87f7d92350f01c7dd3f1bda6.jpg\" alt=\"M&aacute;y Quay Phim Sony CX 405\" width=\"900\" height=\"600\" /></p>', 5390000, '2020-01-06 04:06:59', '2020-01-16 04:06:59', 0, 5450000, 15, 11, 0, 2, 10000, 0, 0, 0, 4),
(37, 'Máy Quay Phim Sony FDR-AXP55 - Hàng Chính Hãng', 11, '<h5><strong>Tốc độ quay nhanh ch&oacute;ng</strong></h5>\r\n<p><strong>M&aacute;y Quay Phim Sony FDR-AXP55&nbsp;</strong>sở hữu độ ph&acirc;n giải c&aacute;c đoạn video l&ecirc;n tới 4K. Với độ ph&acirc;n giải chi&nbsp;chi tiết gấp 4 lần Full HD &nbsp;c&ugrave;ng khả năng ghi h&igrave;nh nhanh ch&oacute;ng chắc chắn bạn sẽ c&oacute; những đoạn video ho&agrave;n hảo như &yacute; muốn.</p>\r\n<p><img src=\"https://vcdn.tikicdn.com/ts/tmp/c4/44/dc/8847f1703efb768814f5ac0a3d234ad9.jpg\" alt=\"\" width=\"750\" height=\"500\" /></p>\r\n<h5><strong>Chiếu phim mọi l&uacute;c mọi nơi</strong></h5>\r\n<p>Bạn c&oacute; thể tr&igrave;nh chiếu những đoạn clip từ m&aacute;y quay Sony FDR-AXP55 nhờ t&iacute;ch hợp một m&aacute;y chiếu s&aacute;ng 50-lumen, bạn c&oacute; thể tr&igrave;nh chiếu h&igrave;nh ảnh HD l&ecirc;n bất kỳ mặt phẳng n&agrave;o. &nbsp;Bạn chỉ cần kết nối nguồn từ b&ecirc;n ngo&agrave;i l&agrave; c&oacute; thể xem được những đoạn video ngay lập tức.</p>\r\n<p><img src=\"https://vcdn.tikicdn.com/ts/tmp/26/5d/b4/91d79aa133561b4dd0b1781afdfa4929.jpg\" alt=\"\" width=\"750\" height=\"500\" /></p>\r\n<h5><strong>Thiết kế tiện dụng</strong></h5>\r\n<p>M&aacute;y quay phim Sony FDR-AXP55 c&oacute; thiết kế nhỏ hơn 30% v&agrave; nhẹ hơn đến 20% so với đ&agrave;n anh &nbsp;FDR-AX100. C&aacute;c n&uacute;t chức năng được bố tr&iacute; một c&aacute;ch khoa học gi&uacute;p bạn dễ d&agrave;ng điều chỉnh m&aacute;y khi cần thiết.</p>\r\n<p><img src=\"https://vcdn.tikicdn.com/ts/tmp/43/b0/84/b9401de9b8eb3e9a3789c7792a3f74b9.jpg\" alt=\"\" width=\"750\" height=\"500\" /></p>\r\n<h5><strong>Cảm biến Exmor R CMOS</strong></h5>\r\n<p>Sản phẩm t&iacute;ch hợp c&ocirc;ng nghệ cảm biến Exmor R CMOS. C&ocirc;ng nghệ n&agrave;y gi&uacute;p m&aacute;y xử l&yacute; &aacute;nh s&aacute;ng hiệu quả hơn v&agrave; tăng độ nhạy gấp đ&ocirc;i so với c&aacute;c cảm biến CMOS th&ocirc;ng thường. Nhờ đ&oacute;, Sony FDR-AXP55 sẽ mang lại những h&igrave;nh ảnh r&otilde; n&eacute;t,&nbsp;sắc mịn v&agrave; giảm nhiễu trong những điều kiện thiếu &aacute;nh s&aacute;ng.</p>\r\n<p><img src=\"https://vcdn.tikicdn.com/ts/tmp/48/79/6e/85d1ba386051c462681945ffb7ecac77.jpg\" alt=\"\" width=\"750\" height=\"500\" /></p>\r\n<h5><strong>C&ocirc;ng nghệ Optical SteadyShot</strong></h5>\r\n<p>C&ocirc;ng nghệ Optical SteadyShot &nbsp;sẽ gi&uacute;p m&aacute;y bắt trọn mọi sự chuyển động của vật thể. Kh&ocirc;ng chỉ thế, m&aacute;y c&ograve;n c&oacute; thể nhận diện&nbsp;v&agrave; hiệu chỉnh rung lắc m&aacute;y ảnh để đạt được h&igrave;nh ảnh r&otilde; n&eacute;t v&agrave; chi tiết kinh ngạc.</p>\r\n<p><img src=\"https://vcdn.tikicdn.com/ts/tmp/e4/11/cc/8b785198440c9e515c18c73778fbb21e.jpg\" alt=\"\" width=\"750\" height=\"500\" /></p>', 25800000, '2020-01-06 04:22:17', '2020-01-16 04:22:17', 0, 26000000, 16, 11, 0, 2, 100000, 0, 0, 0, 4),
(38, 'Máy Ảnh Fujifilm X-A5 + lens 15-45mm F3.5-5.6 OIS (24.2MP) - Hàng Chính Hãng', 11, '<h5>Thiết kế hiện đại</h5>\r\n<p><strong>M&aacute;y Ảnh</strong><strong>&nbsp;Fujifilm X-A5 + lens 15-45mm F3.5-5.6 OIS</strong>&nbsp;kết hợp kiểu retro với chức năng hiện đại, l&agrave; d&ograve;ng m&aacute;y kh&ocirc;ng gương lật với bộ cảm biến CMOS APS-C 24.2MP k&egrave;m bộ xử l&yacute; được n&acirc;ng cấp nhanh hơn 1.5 lần, được thiết kế theo xu hướng nhỏ gọn, tiện dụng v&agrave; rất dễ mang theo trong mỗi chuyến đi.</p>\r\n<p><img src=\"https://vcdn.tikicdn.com/ts/tmp/5e/da/44/4ecb0fcad176df0d25c16b647f5e677a.jpg\" alt=\"M&aacute;y Ảnh Fujifilm X-A5 + lens 15-45mm F3.5-5.6 OIS (24.2MP) - H&agrave;ng Ch&iacute;nh H&atilde;ng\" width=\"850\" height=\"473\" /></p>\r\n<h5>M&agrave;n h&igrave;nh LCD</h5>\r\n<p>Với m&agrave;n h&igrave;nh LCD cảm ứng 3 inch độ ph&acirc;n giải 1.04k điểm ảnh v&agrave; giao điện người d&ugrave;ng được chỉnh sửa trực quan bạn chỉ cần chạm v&agrave;o m&agrave;n h&igrave;nh để chụp một bức h&igrave;nh ưng &yacute; v&agrave; selfie một c&aacute;ch dễ d&agrave;ng với m&agrave;n h&igrave;nh lật xoay 180 độ k&egrave;m chức năng nhận diện nụ cười, nhận diện theo nh&oacute;m ngườ</p>\r\n<p><img src=\"https://vcdn.tikicdn.com/ts/tmp/40/06/e4/0efc83608116e0ebfb7290e3214df314.jpg\" alt=\"M&aacute;y Ảnh Fujifilm X-A5 + lens 15-45mm F3.5-5.6 OIS (24.2MP) - H&agrave;ng Ch&iacute;nh H&atilde;ng\" width=\"850\" height=\"567\" /></p>\r\n<h5>Cảm biến h&igrave;nh ảnh mạnh mẽ</h5>\r\n<p>Được trang bị tr&aacute;i tim với cảm biến bayer độ ph&acirc;n giải 24.2Mp APS-C, bộ xử l&iacute; h&igrave;nh ảnh gấp 1.5 lần so với X-A3, khả năng chụp li&ecirc;n tiếp 6fps c&ugrave;ng bộ nhớ đệm 10 file c&ugrave;ng hệ thống lấy n&eacute;t theo pha gi&uacute;p m&aacute;y tracking tốt c&aacute;c đối tượng đang chuyển động.</p>\r\n<p><img src=\"https://vcdn.tikicdn.com/ts/tmp/64/24/96/7cc368fca7d45d8cc0d90060212c5b7a.jpg\" alt=\"M&aacute;y Ảnh Fujifilm X-A5 + lens 15-45mm F3.5-5.6 OIS (24.2MP) - H&agrave;ng Ch&iacute;nh H&atilde;ng\" width=\"850\" height=\"567\" /></p>\r\n<h5>Cải tiến ISO tuyệt vời</h5>\r\n<p>Fujifilm X-A5 cũng sẽ c&oacute; một phạm vi ISO tăng l&ecirc;n đến 12.800 với khả năng đẩy đến 51.200 trong chế độ nhạy cảm mở rộng. Điều n&agrave;y sẽ l&agrave;m cho X-A5 c&oacute; khả năng hơn nhiều so với c&aacute;c phi&ecirc;n bản XA trước v&agrave; n&ecirc;n giữ X-A5 ph&ugrave; hợp với sự cạnh tranh của n&oacute; trong X-Series v&agrave; tr&ecirc;n to&agrave;n thị trường.</p>\r\n<p><img src=\"https://vcdn.tikicdn.com/ts/tmp/f2/47/aa/7874acf55c03951bbada36a33ecc7da3.jpg\" alt=\"M&aacute;y Ảnh Fujifilm X-A5 + lens 15-45mm F3.5-5.6 OIS (24.2MP) - H&agrave;ng Ch&iacute;nh H&atilde;ng\" width=\"850\" height=\"567\" /></p>\r\n<h5>Khả năng quay Video 4K</h5>\r\n<p>Cho ph&eacute;p quay 4K / 15p với thời gian 5 ph&uacute;t hay full HD / 60p với tối đa 14 ph&uacute;t. HD / 60p với thời gian 27 ph&uacute;t, X-A5 được bổ sung \"Burst Function\" chụp ảnh 4K tốc độ 15 h&igrave;nh/s, bạn tha hồ lựa chọn những tấm ảnh m&agrave; m&igrave;nh y&ecirc;u th&iacute;ch. Được t&iacute;ch hợp 11 hiệu ứng giả lập cho nhiều tone m&agrave;u đẹp hơn bao giờ hết. Ngo&agrave;i ra c&ograve;n 17 filter bao gồm 2 filter mới l&agrave; \"Fog Remove\" - \"HDR Art\".</p>\r\n<p><img src=\"https://vcdn.tikicdn.com/ts/tmp/de/18/d0/725d10021bfd6c3bb24a89b2dcdc94f0.jpg\" alt=\"M&aacute;y Ảnh Fujifilm X-A5 + lens 15-45mm F3.5-5.6 OIS (24.2MP) - H&agrave;ng Ch&iacute;nh H&atilde;ng\" width=\"850\" height=\"567\" /></p>\r\n<h5>Khả năng Lấy n&eacute;t vượt trội</h5>\r\n<p>L&agrave; m&ocirc; h&igrave;nh đầu ti&ecirc;n c&oacute; c&aacute;c điểm ph&aacute;t hiện pha được ph&aacute;t triển cho c&aacute;c m&ocirc; h&igrave;nh m&aacute;y ảnh Fujifilm cao cấp của d&ograve;ng X. Hệ thống Intelligent Hybrid AF tập trung hai lần nhanh như c&aacute;c m&ocirc; h&igrave;nh trước đ&oacute;, đảm bảo rằng bạn chụp những khoảnh khắc đ&oacute; nhanh hơn v&agrave; đẹp hơn.</p>\r\n<h5>Ống k&iacute;nh Zoom XC 15 - 45mm</h5>\r\n<p>Đi k&egrave;m với X-A5 l&agrave; ống k&iacute;nh Zoom XC 15-45mm f3.5-5.6 OIS PZ ti&ecirc;u cự giống với 23 - 68mm tr&ecirc;n cảm biến full frame 35mm. Đ&acirc;y l&agrave; ống kính zoom điện tử đầu ti&ecirc;n d&agrave;nh cho ngằm X với nhiều hứa hẹn tốt hơn ống kit cũ. Khoảng c&aacute;ch lấy n&eacute;t gần nhất 5cm gi&uacute;p những tấm ảnh cận cảnh thật sắc n&eacute;t.</p>\r\n<p><img src=\"https://vcdn.tikicdn.com/ts/tmp/30/26/3d/a4cb004ae7974f455ef92f018140efc7.jpg\" alt=\"M&aacute;y Ảnh Fujifilm X-A5 + lens 15-45mm F3.5-5.6 OIS (24.2MP) - H&agrave;ng Ch&iacute;nh H&atilde;ng\" width=\"850\" height=\"508\" /></p>\r\n<h5>11 biến thể của Fujifilm</h5>\r\n<p>Cung cấp 11 biến thể của Fujifilm độc đ&aacute;o chế độ m&ocirc; phỏng phim, l&agrave;m cho th&ecirc;m một sự tinh tế nghệ thuật ti&ecirc;n tiến dễ d&agrave;ng với việc t&aacute;i tạo c&aacute;c t&ocirc;ng m&agrave;u giống như phim. M&aacute;y ảnh n&agrave;y cũng c&oacute; 17 biến thể của Bộ lọc N&acirc;ng cao bao gồm mới \"Fog Remove\" v&agrave; \"HDR Art\". Quay số b&ugrave; s&aacute;ng phơi s&aacute;ng b&acirc;y giờ đ&atilde; mở rộng phạm vi từ &plusmn; 3EV đến &plusmn; 5EV để tăng ', 9990000, '2020-01-06 04:31:39', '2020-01-16 04:31:39', 0, 10030000, 16, 11, 0, 1, 10000, 0, 0, 0, 4),
(39, 'Loa Bluetooth Harman Kardon Onyx Studio 4 60W - Hàng Chính Hãng', 12, '<h5>Kiểu d&aacute;ng độc đ&aacute;o</h5>\r\n<p><strong>Loa Bluetooth Harman Kardon Onyx Studio 4</strong>&nbsp;sở hữu&nbsp;thiết kế với kiểu loa h&igrave;nh tr&ograve;n độc đ&aacute;o, c&aacute;c đường n&eacute;t tr&ecirc;n loa được cắt gọn g&agrave;ng v&agrave; trau chuốt tỉ mỉ k&egrave;m theo m&agrave;u sắc cực bắt mắt. Tất cả &aacute;nh l&ecirc;n n&eacute;t sang trọng v&agrave; chuy&ecirc;n nghiệp cho người sở hữu cũng như kh&ocirc;ng gian nội thất đi k&egrave;m.</p>\r\n<p><img src=\"https://vcdn.tikicdn.com/ts/tmp/33/fe/c5/b7e0376df0c7ca38f1053d8b83b2773d.jpg\" alt=\"\" width=\"850\" height=\"567\" /></p>\r\n<h5>&Acirc;m thanh s&ocirc;i động</h5>\r\n<p>Loa mang đến cho bạn cảm nhận những luồng &acirc;m thanh với chất lượng cực đ&atilde;, &acirc;m trầm s&acirc;u lắng, &acirc;m bass nhẹ nh&agrave;ng, c&oacute; chiều s&acirc;u v&agrave; kh&ocirc;ng lo&atilde;ng hay nh&ograve;e &acirc;m g&acirc;y kh&oacute; chịu khi nghe. So với một số d&ograve;ng sản phẩm th&ocirc;ng thường kh&aacute;c, loa&nbsp;Harman Kardon thực sự ấn tượng với dải &acirc;m tần mạnh mẽ&nbsp;từ 50Hz - 20000Hz, đ&aacute;p ứng hầu hết c&aacute;c d&ograve;ng nhạc, mang đến những &acirc;m treble sắc sảo v&agrave; trong trẻo đến bất ngờ.</p>\r\n<p><img src=\"https://vcdn.tikicdn.com/ts/tmp/60/b8/ad/5f7e6c0d237752da54d0acd273f11f1c.jpg\" alt=\"\" width=\"850\" height=\"567\" /></p>\r\n<h5>Nghe nhạc cực chất - HK connect</h5>\r\n<p>Đặc biệt, thiết bị đ&atilde; được n&acirc;ng cao trải nghiệm nghe của bạn bằng c&aacute;ch kết nối kh&ocirc;ng d&acirc;y hơn 100 loa k&iacute;ch hoạt qua chức năng HK Connect +. Bạn c&oacute; thể thỏa sức quẩy thả ga c&ugrave;ng bạn b&egrave; trong những bữa tiệc đầy s&ocirc;i động chỉ cần với một chiếc&nbsp;Harman Kardon Onyx Studio 4 n&agrave;y.</p>\r\n<p><img src=\"https://vcdn.tikicdn.com/ts/tmp/52/c4/0c/6cde669222ebc972a6261daf3ce0e3a8.jpg\" alt=\"\" width=\"850\" height=\"567\" /></p>\r\n<h5>Kết nối dễ d&agrave;ng</h5>\r\n<p>Loa sử dụng kết nối kh&ocirc;ng d&acirc;y Bluetooth 4.2 (khoảng c&aacute;ch 10m), hỗ trợ jack 3.5mm cắm c&aacute;c thiết bị nghe nhạc, m&aacute;y t&iacute;nh s&aacute;ch tay hoặc để b&agrave;n gi&uacute;p người d&ugrave;ng trải nghiệm &acirc;m nhạc dễ d&agrave;ng v&agrave; đơn giản hơn. Hơn nữa, nhờ v&agrave;o k&iacute;ch thước nhỏ gọn, n&ecirc;n bạn c&oacute; thể dễ d&agrave;ng mang theo v&agrave; hầu như ph&ugrave; hợp với mọi kh&ocirc;ng gian nội thất của bạn.</p>\r\n<p><img src=\"https://vcdn.tikicdn.com/ts/tmp/93/af/73/db55426a130f604d83d5be2bd766a42d.jpg\" alt=\"\" width=\"850\" height=\"567\" /></p>\r\n<h5>Dung lượng pin lớn</h5>\r\n<p>Ngo&agrave;i ra, loa Harman Kardon Onyx Studio 4 c&ograve;n được sở hữu vi&ecirc;n pin khủng với dung lượng l&ecirc;n đến 3000mAh, c&oacute; thể chơi nhạc li&ecirc;n tục đến 8 giờ ở mức &acirc;m lượng cơ bản. Bạn thỏa sức thưởng thức &acirc;m nhạc với bạn b&egrave; v&agrave; người th&acirc;n trong c&aacute;c bữa tiệc đầy th&uacute; vị m&agrave; kh&ocirc;ng qu&aacute; lo lắng đến vấn đề pin hết giữa chừng l&agrave;m gi&aacute;n đoạn cuộc vui.</p>\r\n<p><img src=\"https://vcdn.tikicdn.com/ts/tmp/73/c7/6e/1005fe9193e88af80cdcf55fe55a486c.jpg\" alt=\"\" width=\"850\" height=\"567\" /></p>', 2500000, '2020-01-06 04:35:09', '2020-01-16 04:35:09', 0, 2540000, 16, 11, 0, 1, 10000, 0, 0, 0, 4),
(40, 'Loa Bluetooth Marshall Stockwell - Hàng nhập khẩu', 12, '<h5>Mang kiểu d&aacute;ng đẳng cấp của Anh Quốc</h5>\r\n<p><strong>Loa Bluetooth Marshall Stockwell Black 2x10W</strong>&nbsp;c&oacute; những đường n&eacute;t cổ điển đặc trưng của thương hiệu Anh như da, nhung, m&agrave;ng kim loại. Ph&iacute;a trước mặt vẫn l&agrave; lớp &ecirc;-căng vải bố rất &ldquo;phủi&rdquo; với logo Marshall m&agrave;u v&agrave;ng - trắng ki&ecirc;u h&atilde;nh, bốn cạnh m&aacute;y được bọc nhựa dẻo cao cấp m&agrave;u đen giống hệt da thật. C&aacute;c ph&iacute;m chức năng ở mặt tr&ecirc;n l&agrave;m bằng đồng gợi cảm gi&aacute;c vintage, c&oacute; thể ấn tụt v&agrave;o b&ecirc;n trong lớp vỏ m&aacute;y mỗi khi di chuyển, mang đến cảm gi&aacute;c an to&agrave;n v&agrave; gọn g&agrave;ng hơn.&nbsp;Đặc biệt, Marsahll c&ograve;n cung cấp th&ecirc;m một phụ kiện độc đ&aacute;o cho Stockwell - lớp vỏ đa năng tương tự vỏ iPad, c&oacute; thể d&ugrave;ng l&agrave;m ch&acirc;n đế để điều chỉnh c&aacute;c g&oacute;c đứng của bộ loa cũng như bọc k&iacute;n n&oacute; lại khi kh&ocirc;ng sử dụng đến.</p>\r\n<p><img src=\"https://vcdn.tikicdn.com/ts/product/79/6d/1a/284d3615016b5b1a61bcdff4039a998f.jpg\" /></p>\r\n<h5>C&ocirc;ng nghệ Bluetooth 4.0</h5>\r\n<p>Stockwell c&ograve;n c&oacute; giao tiếp Bluetooth 4.0 chuẩn ATPX mang đến &acirc;m thanh c&oacute; chất lượng tốt nhất. Với việc trang bị bluetooth 4.0, Marshall Stock well cho khả chất lượng kết nối tốt, kh&ocirc;ng hề xảy ra t&igrave;nh trạng t&iacute;n hiệu bị gi&aacute;n đoạn khi đang nghe nhạc người d&ugrave;ng c&oacute; thể trải nghiệm &acirc;m nhạc v&ocirc; c&ugrave;ng thoải m&aacute;i, tự do m&agrave; kh&ocirc;ng hề c&oacute; rắc rối về d&acirc;y c&aacute;p.</p>\r\n<p><img src=\"https://vcdn.tikicdn.com/ts/product/79/87/06/dc6b6c5aeec60d8720b16b21830bb717.jpg\" /></p>\r\n<h5>Trải nghiệm &acirc;m thanh đặc trưng</h5>\r\n<p>Bộ loa n&agrave;y lu&ocirc;n duy tr&igrave; được ưu thế đặc trưng l&agrave; dải trầm xuất sắc đến kinh ngạc: uy lực, tr&ograve;n trịa, được kiểm so&aacute;t tốt, cực kỳ ph&ugrave; hợp với nhạc rock, hip-hop, R&amp;B. Cả ba dải đều rất bong t&aacute;ch, chi tiết, dải trung kh&aacute; mộc mạc trong trẻo c&ograve;n dải cao nhẹ nh&agrave;ng bay bổng v&agrave; ho&agrave;n to&agrave;n kh&ocirc;ng c&oacute; hiện tượng chồng lấn l&ecirc;n nhau. Loa bluetooth di động Stockwell cũng chơi tốt hầu hết c&aacute;c d&ograve;ng nhạc quen thuộc kh&aacute;c như pop, jazz, blues, country, h&ograve;a tấu v&agrave; cả cổ điển.</p>\r\n<p><img src=\"https://vcdn.tikicdn.com/ts/product/2a/52/8e/4fbb178958ac89e36378831a9bfb1754.jpg\" /></p>\r\n<p>Sử hữu hai loa wofer 2.25 inch c&ugrave;ng với bộ khuyết đại hai k&ecirc;nh, &acirc;m thanh tr&ecirc;n Stockwell kh&ocirc;ng thi&ecirc;n về bất cứ thứ g&igrave; v&agrave; n&oacute; thực sự phụ thuộc v&agrave;o loại nhạc m&agrave; bạn nghe. Khả năng điều khiển &acirc;m lượng, bass v&agrave; treble độc ​​lập với điện thoại th&ocirc;ng minh hoặc bất cứ thiết bị n&agrave;o bạn kết nối với loa thực sự l&agrave; một điều may mắn trong trường hợp n&agrave;y.</p>\r\n<p><img src=\"https://vcdn.tikicdn.com/ts/product/01/ee/8b/f82c319c848164db1ed7f0a21d0ff279.jpg\" /></p>\r\n<p>Đối với hầu hết c&aacute;c b&agrave;i nhạc, điều chỉnh bass v&agrave; treble l&ecirc;n tới 5 (trong số 10) l&agrave; tốt nhất, v&agrave; với &acirc;m lượng kh&ocirc;ng qu&aacute; 7, hầu hết c&aacute;c loại nhạc nghe c&oacute; vẻ tuyệt vời. Khi quay xuống 10, loa gần như qu&aacute; to v&agrave; &acirc;m nhạc bắt đầu xảy ra hiện tượng biến dạng. Đ&oacute; kh&ocirc;ng hẳn l&agrave; một điều xấu, tất nhi&ecirc;n bạn sử dụng ở mức &acirc;m lượng vừa phải sẽ gi&uacute;p thời lượng pin được cải thiện hơn.</p>\r\n<h5>Khả năng chơi nhạc đến 25h</h5>\r\n<p>Được trang bị pin Lithium-ion, chiếc loa c&oacute; khả năng chơi nhạc tới 25 giờ bạn c&oacute; thể sử dụng chiếc loa n&agrave;y v&agrave;i ng&agrave;y m&agrave; kh&ocirc;ng cần lo lắng qu&aacute; nhiều về việc sạc pin cho n&oacute;.&nbsp;Marshall Stockwell c&ograve;n đ&oacute;ng vai tr&ograve; một cục pin di động trong trường hợp cần thiết. Bạn c&oacute; thể sử dụng Stockwell để sạc cho những thiết bị của m&igrave;nh điện thoại, table hay m&aacute;y nghe nhạc th&ocirc;ng qua cổng USB ph&iacute;a sau loa nhờ vi&ecirc;n pin 2200mAh.</p>\r\n<h5>Sử dụng cho điện thoại</h5>\r\n<p>Với loa di động Marshall Stockwell bạn c&oacute; thể trả lời c&aacute;c cuộc gọi đến bằng c&aacute;ch nhấn n&uacute;t điện thoại một lần, v&agrave; kết th&uacute;c cuộc gọi th&igrave; tiếp tục nhấn một lần nữa. Ngo&agrave;i ra người d&ugrave;ng c&ograve;n c&oacute; thể từ chối cuộc gọi đến bằng c&aacute;ch nhanh ch&oacute;ng nhấn n&uacute;t on/off.</p>\r\n<h5>Dễ d&agrave;ng mang theo b&ecirc;n cạnh</h5>\r\n<p>Với trọng lượng kh&aacute; nhẹ, loa bluetooth di động Marshall Stockwell ch&iacute;nh l&agrave; người bạn l&yacute; tưởng cho những người y&ecirc;u &acirc;m nhạc tr&ecirc;n mọi chặng đường.</p>', 3890000, '2020-01-06 04:37:32', '2020-01-16 04:37:32', 0, 3960000, 16, 15, 0, 2, 10000, 0, 0, 0, 4),
(41, 'Điện Thoại Huawei Nova 3 - Hàng Chính Hãng', 7, '<h5>Bản n&acirc;ng cấp ho&agrave;n hảo của Huawei Nova 3e</h5>\r\n<p><strong>Điện thoại Huawei Nova 3</strong>&nbsp;ra đời nhầm thực hiện chuỗi tiếp nối th&agrave;nh c&ocirc;ng v&agrave;o d&ograve;ng ph&acirc;n kh&uacute;c điện thoại tầm trung của một trong những h&atilde;ng điện thoại h&agrave;ng đầu Trung Quốc. C&oacute; thể xem Nova 3 l&agrave; phi&ecirc;n bản n&acirc;ng cấp l&yacute; tưởng của Nova 3e với cụm camera k&eacute;p selfie v&agrave; t&iacute;ch hợp c&ocirc;ng nghệ GPU Turbo để hỗ trợ việc chơi game hiệu quả hơn.</p>\r\n<p><img src=\"https://vcdn.tikicdn.com/ts/tmp/c9/7a/84/5fabecbc72b06498aec3a5d8ba6c72d2.JPG\" alt=\"Điện Thoại Huawei Nova 3 - H&agrave;ng Ch&iacute;nh H&atilde;ng\" width=\"750\" height=\"428\" /></p>\r\n<h5>Vẻ đẹp sang trọng v&agrave; thanh lịch</h5>\r\n<p>Kh&ocirc;ng nằm ngo&agrave;i xu hướng của năm, Huawei Nova 3 vẫn được thiết kế nguy&ecirc;n khối với m&agrave;n h&igrave;nh tai thỏ ở mặt trước. Phần lưng sau được v&aacute;t k&iacute;nh cong 2.5D mang lại vẻ đẹp b&oacute;ng bẩy, sang trọng nhưng cũng kh&ocirc;ng k&eacute;m phần tinh tế. C&aacute;c g&oacute;c cạnh được bo cong nhẹ nh&agrave;ng, nhằm đem lại cảm gi&aacute;c cầm nắm &ecirc;m tai v&agrave; dễ chịu hơn, kết hợp với m&agrave;u sắc nổi bật, Nova 3 sẽ l&agrave; một chiếc điện thoại m&agrave; bất kỳ đối tượng n&agrave;o cũng mong muốn c&oacute;.</p>\r\n<p><img src=\"https://vcdn.tikicdn.com/ts/tmp/4e/cc/9b/45283db6db9d58161c5a4044a9b8b57e.JPG\" alt=\"Điện Thoại Huawei Nova 3 - H&agrave;ng Ch&iacute;nh H&atilde;ng\" width=\"750\" height=\"500\" /></p>\r\n<h5>M&agrave;n h&igrave;nh Fullview sắc n&eacute;t với độ ph&acirc;n giải Full HD+</h5>\r\n<p>M&agrave;n h&igrave;nh Nova 3 được bao quanh bởi c&aacute;c cạnh viền mỏng, k&iacute;ch thước m&agrave;n h&igrave;nh to 6.3 inch đi k&egrave;m tỷ lệ m&agrave;n h&igrave;nh mới c&ugrave;ng chuẩn ph&acirc;n giải h&igrave;nh ảnh l&ecirc;n đến Full HD+ mang đến những khung h&igrave;nh sắc n&eacute;t v&agrave; chi tiết. C&ocirc;ng nghệ m&agrave;n h&igrave;nh LTPS gi&uacute;p cho g&oacute;c nh&igrave;n được mở rộng hơn, m&agrave;u sắc được t&aacute;i tạo ch&iacute;nh x&aacute;c, ch&acirc;n thực v&agrave; sống động.</p>\r\n<p><img src=\"https://vcdn.tikicdn.com/ts/tmp/aa/c1/47/cc6a44db9f9c03071bbcf58f40d70b5b.jpg\" alt=\"Điện Thoại Huawei Nova 3 - H&agrave;ng Ch&iacute;nh H&atilde;ng\" width=\"750\" height=\"465\" /></p>\r\n<h5>Camera selfie x&oacute;a ph&ocirc;ng ảo diệu</h5>\r\n<p>Được trang bị camera trước 24 MP + 2 MP, m&aacute;y trực tiếp hướng đến đối tượng người d&ugrave;ng trẻ tuổi nhằm phục vụ nhu cầu chụp ảnh selfie s&aacute;ng tạo mỗi ng&agrave;y với những bức ảnh độc đ&aacute;o kết hợp ph&ocirc;ng nền được x&oacute;a một c&aacute;ch kỳ ảo, mang đến sự kh&aacute;c biệt ấn tượng cho người sử dụng.</p>\r\n<p><img src=\"https://vcdn.tikicdn.com/ts/tmp/1e/a5/87/602ae99738a61925b7691c6223d9351a.gif\" alt=\"Điện Thoại Huawei Nova 3 - H&agrave;ng Ch&iacute;nh H&atilde;ng\" width=\"750\" height=\"416\" /></p>\r\n<p>Ngo&agrave;i ra cụm camera ch&iacute;nh cũng được chăm ch&uacute;t cẩn thận với cảm biến k&eacute;p 24MP v&agrave; 16MP, được hỗ trợ bởi tr&iacute; th&ocirc;ng minh nh&acirc;n tạo để&nbsp;c&oacute; thể ph&acirc;n t&iacute;ch giới t&iacute;nh, độ tuổi, m&agrave;u da v&agrave; m&ocirc;i trường &aacute;nh s&aacute;ng xung quanh của người d&ugrave;ng để mang đến cho bạn bức ảnh chụp kh&ocirc;ng chỉ đẹp, lung linh m&agrave; c&ograve;n rất tự nhi&ecirc;n.</p>\r\n<p><img src=\"https://vcdn.tikicdn.com/ts/tmp/57/f7/d6/eefb9b9ca384bcbf37a1e66c7b51c41f.gif\" alt=\"Điện Thoại Huawei Nova 3 - H&agrave;ng Ch&iacute;nh H&atilde;ng\" width=\"750\" height=\"416\" /></p>\r\n<h5>Hiệu năng vượt trội c&ugrave;ng dung lượng lưu trữ lớn</h5>\r\n<p>Nova 3 với giao diện EMUI 8.2 chạy tr&ecirc;n nền tảng Android 8.1 Oreo, RAM khủng 6GB c&ugrave;ng bộ nhớ trong 128GB, m&aacute;y cho hiệu năng xử l&yacute; đa nhiệm vượt trội, sẵn s&agrave;ng chiến bất kỳ c&aacute;c loại game nặng n&agrave;o. B&ecirc;n cạnh đ&oacute; dung lượng bộ nhớ lớn, điện thoại Huawei Nova 3 cho bạn khả năng thoải m&aacute;i lưu trữ bất kỳ dữ liệu, b&agrave;i h&aacute;t, h&igrave;nh ảnh, hay bộ phim n&agrave;o m&agrave; kh&ocirc;ng lo về vấn đề bộ nhớ.</p>\r\n<p><img src=\"https://vcdn.tikicdn.com/ts/tmp/45/cb/76/4511c403862d883a0dfa53572b992d85.jpg\" alt=\"Điện Thoại Huawei Nova 3 - H&agrave;ng Ch&iacute;nh H&atilde;ng\" width=\"750\" height=\"416\" /></p>\r\n<h5>Vi&ecirc;n pin lớn đi k&egrave;m cổng sạc nhanh Type C</h5>\r\n<p>Được trang bị vi&ecirc;n pin 3750mAh, Huawei Nova 3 cho hiệu suất sử dụng tốt trong cả ng&agrave;y với thời gian chờ cực l&acirc;u, thời gian sử dụng l&acirc;u d&agrave;i v&agrave; c&oacute; thể sạc đầy năng lượng chỉ trong 2 giờ với cổng USB Type C. Với th&ocirc;ng số n&agrave;y th&igrave; những người bận rộn hay cần d&ugrave;ng đến điện thoại kh&ocirc;ng phải qu&aacute; lo lắng về vấn đề hết nguồn hay ti&ecirc;u hao nhiều điện năng.</p>\r\n<h5>Khả năng Turbo của GPU</h5>\r\n<p>C&ocirc;ng nghệ GPU Turbo tr&ecirc;n Nova 3 sẽ gi&uacute;p m&aacute;y tận dụng tối đa hiệu suất v&agrave; ', 11900000, '2020-01-06 04:39:22', '2020-01-16 04:39:22', 0, 12100000, 16, 12, 0, 2, 100000, 0, 0, 0, 4),
(42, 'Điện Thoại Xiaomi Redmi 8A (2GB/32GB) - Hàng Chính Hãng', 7, '<h5>Dung lượng pin khủng, sạc nhanh</h5>\r\n<p><strong>Điện Thoại Xiaomi Redmi 8A (2GB/32GB) - H&agrave;ng Ch&iacute;nh H&atilde;ng&nbsp;</strong>được trang bị&nbsp;vi&ecirc;n pin c&oacute; dung lượng cực lớn, l&ecirc;n tới 5000 mAh, cho bạn thỏa sức trải nghiệm cả ng&agrave;y, chẳng cần bận t&acirc;m qu&aacute; nhiều đến thời lượng pin.</p>\r\n<p><img src=\"https://salt.tikicdn.com/ts/tmp/33/36/1d/fa4f65f0ffc1279cbf6d746e28dbf611.jpg\" alt=\"\" width=\"750\" height=\"422\" /></p>\r\n<p>C&ograve;n nếu lỡ bạn chủ quan dẫn đến hết pin, th&igrave; y&ecirc;n t&acirc;m, sẽ chỉ mất &iacute;t giờ để sạc đầy Redmi 8A, nhờ việc n&oacute; hỗ trợ sạc nhanh 18W th&ocirc;ng qua USB Type-C đời mới.</p>\r\n<p><img src=\"https://salt.tikicdn.com/ts/tmp/6a/c3/f8/6f18b4f4f86f489680e0320c8f952de1.jpg\" alt=\"\" width=\"750\" height=\"421\" /></p>\r\n<h5>RAM 3 GB, chip Snapdragon mới mượt m&agrave;</h5>\r\n<p>Redmi 8A sở hữu RAM 2GB, vi xử l&yacute; Qualcomm Snapdragon 439 t&aacute;m nh&acirc;n 64-bit chạy tr&ecirc;n giao diện MIUI 10 nổi tiếng của Xiaomi (tr&ecirc;n nền tảng Android 9 Pie).</p>\r\n<p>C&aacute;c thao t&aacute;c thường ng&agrave;y như lướt Facebook, xem phim, m&aacute;y phản hồi kh&aacute; nhanh.</p>\r\n<p>Điểm số đo được tr&ecirc;n Antutu đạt khoảng 85.000 điểm. C&aacute;c tựa game nhẹ, trung b&igrave;nh như Zombie Tsunami, Subway Surfers, m&aacute;y đều đ&aacute;p ứng tốt.</p>\r\n<p><img src=\"https://salt.tikicdn.com/ts/tmp/8e/2e/0c/436879614ebf95ff265d39e4b028156e.jpg\" alt=\"\" width=\"750\" height=\"366\" /></p>\r\n<p>Những game nặng hơn như Free Fire, Li&ecirc;n Qu&acirc;n Mobile, Asphalt 8 bạn h&atilde;y nhớ chỉnh mức cấu h&igrave;nh xuống thấp nhất để m&aacute;y đỡ &ldquo;qu&aacute; tải&rdquo; nh&eacute;.</p>\r\n<h5>Bộ đ&ocirc;i camera hỗ trợ AI</h5>\r\n<p>Cả camera trước v&agrave; sau của Xiaomi 8A đều được trang bị tr&iacute; tuệ nh&acirc;n tạo AI</p>\r\n<p><img src=\"https://salt.tikicdn.com/ts/tmp/2b/db/61/7c62e770ca1d58ce9c324cbb31353789.jpg\" alt=\"\" width=\"750\" height=\"372\" /></p>\r\n<p>Camera ch&iacute;nh 12 MP AI sử dụng cảm biến Sony IMX363 khẩu độ f/1.8, giao diện chụp ảnh c&oacute; nhiều chế độ chụp như HDR, chụp đ&ecirc;m, thủ c&ocirc;ng, đ&aacute;p ứng đầy đủ c&aacute;c nhu cầu chụp ảnh thường ng&agrave;y của người d&ugrave;ng.</p>\r\n<p>Ảnh chụp bằng Xiaomi Redmi 8A theo khuynh hướng ch&acirc;n thực, giữ m&agrave;u sắc ch&iacute;nh x&aacute;c, kh&ocirc;ng nịnh mắt, ảnh chụp ban ng&agrave;y cho độ chi tiết rất tốt, tuy nhi&ecirc;n ở điều kiện thiếu s&aacute;ng, đ&atilde; xuất hiện một số chi tiết nhiễu.</p>\r\n<p>Ngược lại, Camera selfie 8MP ở chế độ ch&acirc;n dung cho ra những bức ảnh kh&aacute; ảo diệu, đi k&egrave;m nhiều hiệu ứng l&agrave;m đẹp m&agrave; AI hỗ trợ.</p>\r\n<p>Camera n&agrave;y c&ograve;n hỗ trợ c&ocirc;ng nghệ&nbsp;nhận dạng gương mặt&nbsp;AI, cho tốc độ mở kh&oacute;a kh&aacute; nhanh v&agrave; ch&iacute;nh x&aacute;c.</p>\r\n<h5>Thiết kế thời thượng</h5>\r\n<p>Xiaomi Redmi 8A c&oacute; mặt trước bắt mắt với m&agrave;n h&igrave;nh giọt nước thời thượng, k&iacute;ch thước lớn 6.2 inch, được bảo vệ bằng lớp k&iacute;nh&nbsp;Gorilla Glass 5&nbsp;cao cấp.</p>\r\n<p><img src=\"https://salt.tikicdn.com/ts/tmp/e6/cc/fd/73b2b491c775562d06eade021a62025b.jpg\" alt=\"\" width=\"750\" height=\"385\" /></p>\r\n<p>Mặt lưng đi c&ugrave;ng thiết kế Aura Wave Grip hiện đại với những gợn s&oacute;ng mịn m&agrave;ng, cho cảm gi&aacute;c cầm nắm tốt hơn, chống b&aacute;m v&acirc;n tay.</p>\r\n<p><img src=\"https://salt.tikicdn.com/ts/tmp/b5/f8/2b/ccde5c0d8dd42ec31a894ee7641a02ac.jpg\" alt=\"\" width=\"750\" height=\"352\" /></p>\r\n<p>Xiaomi Redmi 8A c&oacute; 3 phi&ecirc;n bản m&agrave;u: ho&agrave;ng h&ocirc;n đỏ, đại dương xanh v&agrave; đen b&oacute;ng đ&ecirc;m, ph&ugrave; hợp với nhiều đối tượng kh&aacute;ch h&agrave;ng.</p>', 2490000, '2020-01-06 04:48:18', '2020-01-16 04:48:18', 0, 2560000, 16, 15, 0, 2, 10000, 0, 0, 0, 4),
(43, 'Laptop Asus ROG Zephyrus S GX701GXR-H6072T ', 9, '<h5><strong>M&agrave;n h&igrave;nh to, viền si&ecirc;u mỏng</strong></h5>\r\n<p><strong>ASUS ROG Zephyrus S GX701GXR-H6072T</strong>&nbsp;lập n&ecirc;n chuẩn mực mới cho m&aacute;y t&iacute;nh x&aacute;ch tay chơi game si&ecirc;u mỏng chạy Windows 10. Giờ đ&acirc;y ROG Zephyrus S GX701GXR mang những kh&aacute;t vọng lớn hơn nữa với m&agrave;n h&igrave;nh 17-inch viền si&ecirc;u mỏng trong một khung m&aacute;y chỉ mỏng 18,7mm. Zephyrus S GX701 trang bị GPU l&ecirc;n tới GeForce RTX 2080 trong Thiết kế Max-Q v&agrave; CPU Intel Core i7 thế hệ thứ 9.</p>\r\n<p>Đắm ch&igrave;m trong m&agrave;n h&igrave;nh 240Hz/3ms với m&agrave;u sắc đạt chuẩn Pantone&nbsp;Validated v&agrave; sử dụng t&iacute;nh năng chuyển đổi chế độ GPU độc quyền của ROG để thay đổi giữa G-SYNC d&agrave;nh cho chơi game v&agrave; Optimus gi&uacute;p k&eacute;o d&agrave;i thời lượng pin.</p>\r\n<p><img src=\"https://salt.tikicdn.com/ts/tmp/f7/92/3a/932f84b37878494daf71b171f8f9cf37.jpg\" alt=\"Laptop Asus ROG Zephyrus S GX701GXR-H6072T (Core i7-9750H/ 32GB DDR4 2666MHz/ 1TB SSD PCIE/ RTX 2080-MaxQ 8GB/ 17.3 FHD IPS, 240Hz G-Sync, 3ms/ Win10) - H&agrave;ng Ch&iacute;nh H&atilde;ng\" width=\"750px\" height=\"506px\" /></p>\r\n<p>Th&acirc;n m&aacute;y thanh tho&aacute;t l&agrave;m từ hợp kim magi&ecirc; đựng vừa vặn trong những chiếc t&uacute;i b&igrave;nh thường v&agrave; đủ mạnh mẽ để hoạt động tốt trong cuộc sống thường ng&agrave;y.</p>\r\n<p><img src=\"https://salt.tikicdn.com/ts/tmp/13/e9/fd/cc80624723dbe411a3e17602075fd914.jpg\" alt=\"Laptop Asus ROG Zephyrus S GX701GXR-H6072T (Core i7-9750H/ 32GB DDR4 2666MHz/ 1TB SSD PCIE/ RTX 2080-MaxQ 8GB/ 17.3 FHD IPS, 240Hz G-Sync, 3ms/ Win10) - H&agrave;ng Ch&iacute;nh H&atilde;ng\" width=\"750px\" height=\"599px\" /></p>\r\n<p>Độ ch&iacute;nh x&aacute;c v&agrave; độ đồng nhất m&agrave;u sắc đ&oacute;ng vai tr&ograve; quan trọng sống c&ograve;n đối với c&aacute;c nh&agrave; s&aacute;ng tạo nội dung, v&igrave; thế qu&aacute; tr&igrave;nh hiệu chuẩn tại nh&agrave; m&aacute;y c&ugrave;ng với c&ocirc;ng nghệ ProArt TruColor đ&atilde; mang đến bảng m&agrave;u đạt chuẩn PANTONE&nbsp;Validated</p>\r\n<p><img src=\"https://salt.tikicdn.com/ts/tmp/97/d7/b8/5f036819e3fd0b47046a744fc1faf57e.jpg\" alt=\"Laptop Asus ROG Zephyrus S GX701GXR-H6072T (Core i7-9750H/ 32GB DDR4 2666MHz/ 1TB SSD PCIE/ RTX 2080-MaxQ 8GB/ 17.3 FHD IPS, 240Hz G-Sync, 3ms/ Win10) - H&agrave;ng Ch&iacute;nh H&atilde;ng\" width=\"750px\" height=\"750px\" /></p>\r\n<h5>Hiệu năng tuyệt vời</h5>\r\n<p>Chế độ G-SYNC đồng bộ h&oacute;a GPU v&agrave; m&agrave;n h&igrave;nh để mang đến m&agrave;n chơi mượt m&agrave; hơn với lag đầu v&agrave;o thấp hơn v&agrave; kh&ocirc;ng bị r&aacute;ch h&igrave;nh, trong khi đ&oacute; chế độ Optimus tắt một c&aacute;ch c&oacute; chọn lọc GPU rời để tiết kiệm điện năng khi chạy c&aacute;c t&aacute;c vụ giải tr&iacute; hay l&agrave;m việc thường ng&agrave;y.&nbsp;</p>\r\n<p>ROG Zephyrus S khai th&aacute;c sức mạnh của GPU GeForce RTX 2080 trong Thiết kế Max-Q mới nhất v&agrave; CPU Intel&nbsp;Core i7 thế hệ thứ 8 để mang đến hiệu năng tương đương với m&aacute;y t&iacute;nh để b&agrave;n, dư sức để chơi những game cực nặng, xử l&yacute; c&ocirc;ng việc s&aacute;ng tạo chuy&ecirc;n s&acirc;u v&agrave; mang đến trải nghiệm VR ti&ecirc;n tiến nhất. Trung t&acirc;m xử l&yacute; mạnh mẽ n&agrave;y được hậu thuẫn bởi 24GB bộ nhớ RAM DDR4 để xử l&yacute; c&aacute;c t&aacute;c vụ đa nhiệm nặng v&agrave; một ổ SSD NVMe 1TB để lưu trữ game v&agrave; dữ liệu c&ocirc;ng việc.</p>\r\n<p><img src=\"https://salt.tikicdn.com/ts/tmp/22/a7/bb/a0f0e56b5a7c91036d53fcd400547bb5.jpg\" alt=\"Laptop Asus ROG Zephyrus S GX701GXR-H6072T (Core i7-9750H/ 32GB DDR4 2666MHz/ 1TB SSD PCIE/ RTX 2080-MaxQ 8GB/ 17.3 FHD IPS, 240Hz G-Sync, 3ms/ Win10) - H&agrave;ng Ch&iacute;nh H&atilde;ng\" width=\"750px\" height=\"427px\" /></p>\r\n<h5>Hệ thống tản nhiệt th&ocirc;ng minh</h5>\r\n<p>M&aacute;y t&iacute;nh x&aacute;ch tay ASUS ROG Zephyrus S GX701GXR-H6072T để lại kh&ocirc;ng gian lưu th&ocirc;ng kh&iacute; &iacute;t hơn cho việc tản nhiệt, v&igrave; thế Hệ thống Kh&iacute; động học chủ động (AAS) của ROG mở ra để gi&uacute;p Zephyrus S duy tr&igrave; hiệu năng tối đa cho chơi game v&agrave; c&aacute;c t&aacute;c vụ nặng kh&aacute;c. Khi lật nắp lưng l&ecirc;n, một cửa h&uacute;t gi&oacute; lớn sẽ mở ra để tăng lượng kh&iacute; lưu th&ocirc;ng th&ecirc;m 32% so với thiết kế th&ocirc;ng thường. C&aacute;c r&atilde;nh dẫn chống bụi giữ cho c&aacute;c bộ tản nhiệt sạch sẽ khỏi bụi bẩn để bảo tồn hiệu quả tản nhiệt v&agrave; độ ổn định của hệ thống theo thời gian.</p>\r\n<h5>B&agrave;n ph&iacute;m với RGB mỗi ph&iacute;m</h5>\r\n<p class=\"content-info\">B&agrave;n ph&iacute;m đặt tiến về ph&iacute;a trước gi&uacute;p hạ thấp nhiệt độ bề mặt tr&ecirc;n một bố cục giống với m&aacute;y t&iacute;nh để b&agrave;n, cho ph&eacute;p bạn chơi game một c&aacute;ch thoải m&aacute;i trong h&agrave;ng giờ. T&ugrave;y chỉnh đ&egrave;n nền RGB tr&ecirc;n từng ph&iacute;m cho những tựa game hay hoạt động kh&aacute;c nhau v&agrave; h&', 73800000, '2020-01-06 04:57:00', '2020-01-16 04:57:00', 0, 74200000, 16, 13, 0, 2, 100000, 0, 0, 0, 4),
(44, 'Lenovo Legion Y740-15IRHG 81UH003JVN Core i7-9750H/ RTX 2060 6GB/ Win10', 9, '<h5>Thiết kế mỏng nhẹ, gọn g&agrave;n</h5>\r\n<p><strong>Lenovo Legion Y740-15IRHG 81UH003JVN Core i7-9750H/ RTX 2060 6GB/ Win10 (15.6 FHD IPS)</strong>&nbsp;thiết kế theo phong c&aacute;ch mỏng nhẹ, gọn g&agrave;ng, đơn giản hướng đến c&aacute;c game thủ \"ẩn m&igrave;nh\" l&agrave; điểm nhấn ch&iacute;nh ở ngoại h&igrave;nh của mẫu laptop n&agrave;y. Nh&igrave;n tho&aacute;ng qua, Y730 c&oacute; những n&eacute;t rất gần gũi với c&aacute;c mẫu laptop dạng m&aacute;y trạm di động (workstation) nhờ c&aacute;c đường bo v&aacute;t vu&ocirc;ng vắn, phần đu&ocirc;i m&aacute;y được k&eacute;o d&agrave;i ra ph&iacute;a sau. Nắp m&aacute;y gần như trống trải, chỉ c&oacute; duy nhất logo Legion được đặt gọn về ph&iacute;a cạnh.&nbsp;&nbsp;</p>\r\n<h5>Khung kim loại chắc chắn</h5>\r\n<p>Về chất lượng gia c&ocirc;ng, to&agrave;n bộ phần vỏ, bộ khung, chiếu nghỉ tay, mặt dưới của Y730 đều l&agrave;m bằng hợp kim nh&ocirc;m chắc chắn. C&aacute;c chi tiết bao quanh khe tản nhiệt 2 b&ecirc;n h&ocirc;ng v&agrave; đu&ocirc;i m&aacute;y d&ugrave; chỉ l&agrave; nhựa nhưng vẫn đạt được độ cứng c&aacute;p. Phần vỏ nh&ocirc;m dạng nh&aacute;m mịn gi&uacute;p Y730 gần như kh&ocirc;ng hề b&aacute;m dấu v&acirc;n tay hay vết mồ h&ocirc;i v&agrave; nếu c&oacute; cũng dễ d&agrave;ng lau sạch.</p>\r\n<p>Bản lề của Y730 c&oacute; thể mở bằng một tay dễ d&agrave;ng v&agrave; cho ph&eacute;p mở g&oacute;c tối đa tới 180 độ n&ecirc;n bạn c&oacute; thể thoải m&aacute;i tinh chỉnh g&oacute;c nh&igrave;n ph&ugrave; hợp. Tuy vậy, phần bản lề n&agrave;y lại chưa thật chắc chắn, dễ lung lay d&ugrave; chỉ chạm nhẹ hay khi g&otilde; ph&iacute;m với tốc độ th&ocirc;ng thường.</p>\r\n<h5>Hỗ trợ nhiều cổng kết nối</h5>\r\n<p>Số lượng cổng kết nối tr&ecirc;n Y730 kh&aacute; đa dạng với 3 cổng USB Type A (trong đ&oacute; c&oacute; 2 cổng USB 3.1 Gen2), 1 cổng USB Type-C hỗ trợ Thunderbolt 3, cổng Mini DisplayPort 1.4 v&agrave; HDMI 2.0. To&agrave;n bộ c&aacute;c cổng kết nối ch&iacute;nh được đưa hết ra cạnh sau, giảm sự vướng v&iacute;u khi cắm chuột, b&agrave;n ph&iacute;m rời. C&aacute;c cổng kết nối n&agrave;y c&oacute; cả đ&egrave;n nền minh họa, tiện lợi khi thao t&aacute;c, gi&uacute;p kh&ocirc;ng phải lần m&ograve; cắm c&aacute;p. Tuy nhi&ecirc;n, Y730 lại kh&ocirc;ng c&oacute; đầu đọc thẻ nhớ SD, t&iacute;nh năng rất cần thiết với người thường xuy&ecirc;n phải l&agrave;m việc với m&aacute;y ảnh.</p>\r\n<h5>M&agrave;n h&igrave;nh viền mỏng, hiện đại</h5>\r\n<p>Bắt kịp xu hướng m&agrave;n h&igrave;nh viền mỏng hiện nay tr&ecirc;n c&aacute;c thiết bị di động, Legion Y730 đ&atilde; được trang bị phần viền mỏng gọn tr&ecirc;n cả 3 cạnh gi&uacute;p m&aacute;y tr&ocirc;ng tho&aacute;ng đ&atilde;ng v&agrave; hiện đại hơn hẳn. Lưu &yacute; l&agrave; viền mỏng chỉ c&oacute; ở phi&ecirc;n bản 15.6 inch với t&ecirc;n m&atilde; 15inch, trong khi bản 17.3 inch (t&ecirc;n m&atilde;: 17ICH) vẫn d&ugrave;ng kiểu viền d&agrave;y truyền thống.</p>\r\n<h5>Chất lượng h&igrave;nh ảnh tốt</h5>\r\n<p>Tấm nền IPS LCD tr&ecirc;n Y730 cho chất lượng hiển thị kh&aacute;, thi&ecirc;n t&ocirc;ng ấm. M&agrave;u sắc trung t&iacute;nh, kh&ocirc;ng qu&aacute; rực rỡ. Độ tương phản, độ trong, độ đen v&agrave; độ s&aacute;ng tối đa đều ở mức ổn, g&oacute;c nh&igrave;n rộng. Tấm nền được l&agrave;m nh&aacute;m mịn, chống l&oacute;a n&ecirc;n hạn chế tối đa hiện tượng phản chiếu, d&ugrave;ng tốt ngo&agrave;i trời. M&agrave;n h&igrave;nh c&oacute; hiện tượng hở s&aacute;ng nhẹ ở viền dưới, nhưng chưa đến mức g&acirc;y kh&oacute; chịu.&nbsp;&nbsp;</p>\r\n<h5>C&ocirc;ng nghệ &acirc;m thanh Dolby Atmos cho &acirc;m thanh sống động</h5>\r\n<p>Về &acirc;m thanh, tuy chỉ trang bị 2 loa Dolby Atmos Speaker k&iacute;ch thước vừa phải nằm ở mặt dưới nhưng chất lượng &acirc;m thanh m&agrave; Y730 mang lại khiến người viết thực sự bất ngờ. &Acirc;m lượng loa rất lớn, thậm ch&iacute; ngang ngửa với cả những chiếc loa Bluetooth di động. &Acirc;m thanh trong trẻo, d&agrave;y dặn, ấm &aacute;p, bass treble đầy đủ, kh&ocirc;ng r&egrave; hay m&eacute;o tiếng khi vặn lớn tối đa, gi&uacute;p việc xem phim, nghe nhạc, chơi game đều rất đ&atilde; tai.</p>\r\n<h5>B&agrave;n ph&iacute;m độ nảy cao, đ&egrave;n RGB bắt mắt, touchpad mượt</h5>\r\n<p>B&agrave;n ph&iacute;m từ trước tới nay vẫn l&agrave; thế mạnh tr&ecirc;n c&aacute;c laptop Lenovo v&agrave; dĩ nhi&ecirc;n Y730 được thừa hưởng truyền thống đ&oacute;. M&aacute;y cho trải nghiệm g&otilde; ph&iacute;m dễ chịu với độ nảy cao, h&agrave;nh tr&igrave;nh s&acirc;u, phản hồi nhanh nhẹn nhưng hơi flex nhẹ. 4 ph&iacute;m điều hướng c&oacute; k&iacute;ch thước lớn, được đặt ri&ecirc;ng tiện thao t&aacute;c. T&iacute;nh năng 100% anti-ghost gi&uacute;p b&agrave;n ph&iacute;m n&agrave;y c&oacute; thể nhận t&iacute;n hiệu c&ugrave;ng l&uacute;c từ mọi ph&iacute;m, th&iacute;ch hợp cho những tựa game đ&ograve;i hỏi thao t&aacute;c nhanh v&agrave; li&ecirc;n tục.</p>', 43990000, '2020-01-06 05:00:18', '2020-01-16 05:00:18', 0, 44390000, 16, 11, 0, 1, 100000, 0, 0, 0, 4);
INSERT INTO `sanpham` (`IdSanPham`, `TenSanPham`, `LoaiSanPham`, `ChiTiet`, `GiaKhoiDiem`, `NgayDang`, `NgayHetHan`, `GiaBanToiThieu`, `GiaHienTai`, `IdNguoiBan`, `IdNguoiThang`, `GiaMuaNgay`, `SoLuotRaGia`, `BuocGia`, `TinhTrang`, `TuGiaHan`, `DanhGia`, `SoHinh`) VALUES
(45, 'Laptop Asus TUF Gaming FX505DU-AL070T AMD R7-3750H/ GTX 1660Ti 6GB/ Win10 ', 9, '<h5>Thiết kế đẳng cấp</h5>\r\n<p><strong>Laptop Asus TUF Gaming FX505DU-AL070T</strong>&nbsp;với thiết kế ấn tượng v&agrave; hiệu năng mạnh mẽ, c&oacute; thể chơi được hầu hết c&aacute;c tựa game mới nhất v&agrave; đa nhiệm dễ d&agrave;ng, đồng thời c&oacute; độ bền cao hơn, ổn định hơn v&agrave; vẫn kh&ocirc;ng bị \'lỗi thời\' trong nhiều năm nữa. Hệ thống tản nhiệt chống bụi th&ocirc;ng minh cung cấp đầy đủ luồng kh&iacute; m&aacute;t cho m&aacute;y ngay cả khi chơi những game nặng hơn, k&eacute;o d&agrave;i tuổi thọ hệ thống, loại bỏ bụi bẩn để kh&ocirc;ng g&acirc;y tắc nghẽn hệ thống tản nhiệt.</p>\r\n<p><img src=\"https://salt.tikicdn.com/ts/tmp/a0/62/16/34da49e76fa79a6f308a553fb46479ed.jpg\" alt=\"\" width=\"750\" height=\"382\" /></p>\r\n<p>C&ocirc;ng nghệ HyperCool độc quyền của ASUS bao gồm hệ thống Anti-Dust Cooling. Bạn c&oacute; thể t&ugrave;y chỉnh 3 chế độ quạt kh&aacute;c nhau. Đặc biệt c&ocirc;ng nghệ Fan Overboost đảm bảo nhiệt độ ổn định trong khi chơi game nặng. Với thiết kế 2 quạt tản nhiệt độc lập để l&agrave;m m&aacute;t CPU v&agrave; GPU ri&ecirc;ng biệt. Quạt l&agrave;m m&aacute;t cũng được cải thiện bởi nắp h&igrave;nh thang tản nhiệt hơn l&ecirc;n đ&ecirc;́n 25% với quạt th&ocirc;ng thường.</p>\r\n<p><img src=\"https://salt.tikicdn.com/ts/tmp/1a/4b/13/ea26a4086e1a084292bd67984e00231b.jpg\" alt=\"\" width=\"750\" height=\"393\" /></p>\r\n<h5>M&agrave;n h&igrave;nh mỏng IPS Nanoedge</h5>\r\n<p>Laptop c&oacute; thiết kế m&agrave;n h&igrave;nh NanoEdge mới với viền mỏng chỉ 6.5mm, khung m&aacute;y nhỏ gọn hơn nhưng kh&ocirc;ng l&agrave;m giảm k&iacute;ch thước khung h&igrave;nh. Asus TUF FX505DU-AL070T sở hữu m&agrave;n h&igrave;nh 15.6 inch IPS-level với tần số qu&eacute;t cực nhanh l&ecirc;n đến 120Hz cho gameplay si&ecirc;u mượt gi&uacute;p tạo ra c&aacute;c h&igrave;nh ảnh cực r&otilde; n&eacute;t. Đ&ocirc;̣ phủ m&agrave;usRGB đạt 63% v&agrave; g&oacute;c nh&igrave;n rộng đảm bảo m&agrave;u sắc sống động v&agrave; ch&acirc;n thực nhất.</p>\r\n<p><img src=\"https://salt.tikicdn.com/ts/tmp/fe/67/ee/cf960de5fa26091c5cc417a21ea34245.jpg\" alt=\"\" width=\"750\" height=\"391\" /></p>\r\n<h5>Cấu h&igrave;nh ti&ecirc;u chuẩn Gaming</h5>\r\n<p>Chiếc laptop được trang bị VGA GTX 1660Ti mới nhất để chơi game v&agrave; stream mượt m&agrave;. Cộng với bộ xử l&yacute; AMD Ryzen với 4 nh&acirc;n, 8 luồng đa nhiệm, hiệu năng mạnh mẽ v&agrave; hiệu quả. Với sợ kết hợp của c&aacute;c bộ xử l&yacute; n&agrave;y, bạn sẵn s&agrave;ng đảm nhận mọi nhiệm vụ cả trong lẫn ngo&agrave;i đấu trường.</p>\r\n<p><img src=\"https://salt.tikicdn.com/ts/tmp/30/a6/54/204fb903b4e2f5049722f853d281971f.jpg\" alt=\"\" width=\"750\" height=\"360\" /></p>\r\n<h5>Độ bền cao, chuẩn qu&acirc;n đội</h5>\r\n<p>Asus TUF Gaming FX505DU-AL070T đ&atilde; vượt qua h&agrave;ng loạt c&aacute;c thử nghiệm MIL-STD-810G nghi&ecirc;m ngặt. C&aacute;c bài test trong c&aacute;c điều kiện kh&aacute;c nhau bao gồm phơi nhiễm bức xạ mặt trời, độ cao v&agrave; nhiệt độ cực cao v&agrave; được chứng nhận để chịu đựng việc sử dụng h&agrave;ng ng&agrave;y. D&ugrave; l&agrave; bạn cố t&igrave;nh hoặc v&ocirc; t&igrave;nh va chạm hay rơi rớt. Độ b&ecirc;̀n của chi&ecirc;́c laptop n&agrave;y đ&atilde; được đẩy tới giới hạn để đảm bảo tốt nhất cho game thủ n&oacute;ng t&iacute;nh hay cho laptop &ldquo;ăn h&agrave;nh&rdquo; mỗi khi thua game.</p>\r\n<p><img src=\"https://salt.tikicdn.com/ts/tmp/a0/eb/01/b8dd98448b4ec62bbcdc9c26b8308365.jpg\" alt=\"\" width=\"750\" height=\"394\" /></p>\r\n<h5>B&agrave;n ph&iacute;m Hyperstrike</h5>\r\n<p>Sở hữu h&agrave;nh tr&igrave;nh ph&iacute;m 1.8 mm với 20 triệu lần nhấn, đủ cho nhiều năm l&agrave;m việc v&agrave; chơi game. B&agrave;n ph&iacute;m c&oacute; t&iacute;nh năng RGB-backlighting v&agrave; được điều khiển th&ocirc;ng qua TUF Aura Core để bạn c&oacute; thể thể hiện phong c&aacute;ch độc đ&aacute;o của ri&ecirc;ng m&igrave;nh.</p>\r\n<p><img src=\"https://salt.tikicdn.com/ts/tmp/1f/c4/94/f0e7aeaad4c9f0df59d8bb087565578c.jpg\" alt=\"\" width=\"750\" height=\"338\" /></p>\r\n<p>C&ocirc;ng nghệ Overstroke v&agrave; HyperStrike độc quyền đảm bảo việc đ&aacute;nh m&aacute;y nhanh hơn, ch&iacute;nh x&aacute;c hơn. Lấy cảm hứng từ m&aacute;y t&iacute;nh để b&agrave;n với nh&oacute;m ph&iacute;m WASD được thiết kế kh&aacute;c với những ph&iacute;m c&ograve;n lại. Keycap được thiết kế để kh&ocirc;ng gian ph&iacute;m rộng hơn gi&uacute;p thao t&aacute;c giữa c&aacute;c ph&iacute;m dễ v&agrave; trơn tru hơn.</p>\r\n<p><img src=\"https://salt.tikicdn.com/ts/tmp/87/c5/d4/04a9361cb7cefdb4aa7680c37491b4b5.jpg\" alt=\"\" width=\"750\" height=\"378\" /></p>\r\n<h5>&Acirc;m thanh v&ograve;m Surround Sound</h5>\r\n<p>ASUS TUF FX505DU-AL070T được t&iacute;ch hợp c&ocirc;ng nghệ DTS Headphone: X cho trải nghi&ecirc;̣m &acirc;m thanh v&ograve;m giả lập 7.1 tr&ecirc;n tai nghe. Chất lượng &acirc;m thanh ch&acirc;n thật như đưa người nghe nhập vai v&agrave;o tr&ograve; chơi. Ngo&agrave;i ra, chiếc laptop c&ograve;n c&oacute; t&iacute;nh năng c&agrave;i đặt tối ưu cho tr&ograve; chơi, &acirc;m nhạc, phim ảnh hay thể th', 24590000, '2020-01-06 05:20:29', '2020-01-16 05:20:29', 0, 24890000, 17, 11, 0, 1, 100000, 0, 0, 0, 4),
(46, 'Laptop Alienware 15 R3 I7-7700HQ 16GB 128SS+1TB 8GB 15.6FHD W10', 9, '<h1>Dell Alienware 15 R3: Sức mạnh của một chiến binh</h1>\r\n<h1>&nbsp;</h1>\r\n<div class=\"tintucdetail-title\">&nbsp;</div>\r\n<div class=\"content-baiviet ck-content\">\r\n<p>Nếu bạn l&agrave; một game thủ v&agrave; c&ocirc;ng việc của bạn phải di chuyển, chắc chắn bạn sẽ rất cần một chiếc laptop gaming tốt để phục vụ cho nhu cầu đ&oacute;. Dell Alienware 15 R3 l&agrave; một gợi &yacute; tốt d&agrave;nh cho bạn.</p>\r\n<p>Alienware 15 R3 2017&nbsp;cỗ&nbsp; m&aacute;y chơi game d&agrave;nh cho cả game thủ chuy&ecirc;n nghiệp v&agrave; b&aacute;n chuy&ecirc;n.</p>\r\n<p>Thiết kế hầm hố</p>\r\n<p>Dell Alienware 15 R3&nbsp;được thiết kế kh&aacute; chắc chắn bằng kim loại, mỏng hơn c&aacute;c laptop gaming c&oacute; c&ugrave;ng kich thước m&agrave;n h&igrave;nh. Tuy nhi&ecirc;n n&oacute; cũng kh&aacute; nặng với trọng lượng l&agrave; 3.5 kg, nặng hơn&nbsp;Alienware 15 R2&nbsp;(3.1kg), MSI GT62VR 6RE (2.9 kg), Asus GL502VS (2.6kg).</p>\r\n<p><img src=\"data:image/gif;base64,R0lGODlhAQABAIAAAP///wAAACH5BAEAAAAALAAAAAABAAEAAAICRAEAOw==\" alt=\"\" data-src=\"https://salt.tikicdn.com/ts/product/3f/48/05/8713ab8a0b9dd446091fc23007a8aa29.jpg\" /></p>\r\n<p>C&aacute;c g&oacute;c cạnh vẫn được giữ nguy&ecirc;n&nbsp; thiết kế từ phi&ecirc;n bản trước đ&oacute; nhưng được trải chuốt hơn. C&aacute;c g&oacute;c m&aacute;y vu&ocirc;ng g&oacute;c hầm hố v&agrave; phần đu&ocirc;i nh&ocirc; mạnh ra ph&iacute;a sau để tối ưu c&aacute;c cổng kết nối v&agrave; tản nhiệt cho m&aacute;y. Mặt ngo&agrave;i m&aacute;y nổi bật với logo h&igrave;nh đầu người c&oacute; đ&egrave;n nền, c&ugrave;ng với đ&oacute; l&agrave; c&aacute;c dải đ&egrave;n led ở viền m&agrave;n h&igrave;nh v&agrave; c&aacute;c cạnh dưới v&ocirc; c&ugrave;ng ấn tượng mạng lại cảm gi&aacute;c th&iacute;ch th&uacute; cho người sử dụng m&aacute;</p>\r\n<p>M&agrave;n h&igrave;nh sử dụng tấm nền IPS</p>\r\n<p>Alienware 15 R3 2017&nbsp;được trang bị một m&agrave;n h&igrave;nh 15.6 inch Full HD, tấm nền IPS cho g&oacute;c nh&igrave;n rộng hơn, độ s&aacute;ng tốt đảm bảo một trải nghiệm thoải m&aacute;i ngo&agrave;i trời, sự ph&acirc;n bố độ s&aacute;ng cũng tuyệt vời.</p>\r\n<p><img src=\"data:image/gif;base64,R0lGODlhAQABAIAAAP///wAAACH5BAEAAAAALAAAAAABAAEAAAICRAEAOw==\" alt=\"\" data-src=\"https://salt.tikicdn.com/ts/product/3f/48/05/e077ec22c9afaa2dbe1278f3ba7e1e06.jpg\" /></p>\r\n<p>Cấu h&igrave;nh khủng, hiệu suất cao</p>\r\n<p>Alienware 15 R3 c&oacute; nhiều t&ugrave;y chọn kh&aacute;c nhau, một bộ xử l&yacute; Intel Quad-Core mạnh mẽ, hoặc với I7 7700-HQ , hoặc với I5 7300 HQ cho ph&eacute;p chơi những game đỉnh cao hiện nay. Dung lượng bộ nhớ RAM DDR4 c&oacute; thể n&acirc;ng cấp tối đa l&ecirc;n tới 32 GB đảm bảo kh&ocirc;ng bị giật khi chơi game.</p>\r\n<p><img src=\"data:image/gif;base64,R0lGODlhAQABAIAAAP///wAAACH5BAEAAAAALAAAAAABAAEAAAICRAEAOw==\" alt=\"\" data-src=\"https://salt.tikicdn.com/ts/product/3f/48/05/863c5c937f7a3eaf2590e38657ea602a.jpg\" /></p>\r\n<p>Alienware đ&atilde; trang bị cho chiếc m&aacute;y t&iacute;nh x&aacute;ch tay n&agrave;y một ổ SSD 256 GB NVMe cho tốc độ truyền dữ liệu cao hơn đ&aacute;ng kể so với SATA III c&ugrave;ng với đ&oacute; l&agrave; ổ cứng HDD 1 TB cho khả năng lưu trữ dữ liệu một c&aacute;ch tốt hơn.</p>\r\n<p>Bạn cũng c&oacute; thể lựa chọn giữa hai GPU Geforce GTX 1060 (6GB GDDR5-VRAM) v&agrave; Geforce GTX 1070 (8GB GDDR5-VRAM). M&ocirc; h&igrave;nh Pascal k&eacute;m hiệu quả hơn l&agrave; đủ khi bạn chỉ muốn chơi tr&ecirc;n m&agrave;n h&igrave;nh Full HD. Tuy nhi&ecirc;n những người lu&ocirc;n muốn sử dụng tất cả c&aacute;c chi tiết, tối ưu h&oacute;a h&igrave;nh ảnh v&agrave; c&oacute; thể c&oacute; độ ph&acirc;n giải 3K hay 4K th&igrave; n&ecirc;n chọn cho m&igrave;nh GTX 1070.</p>\r\n<p>Cổng kết nối thế hệ mới</p>\r\n<p>Alienware trang bị cho m&igrave;nh kh&aacute; đầy đủ c&aacute;c cổng kết nối USB 3.0, cổng LAN, cổng Mini Distplay Port, HDMI, Thunderbolt 3, cổng Alienware Graphics Amplifier, kh&oacute;a Noble, cổng jack Audio, Jack Headphone.</p>\r\n<p><img src=\"https://salt.tikicdn.com/cache/w750/ts/product/37/7b/ad/bc54c97490a8ee42233940543cd6875b.jpg\" alt=\"\" /></p>\r\n</div>', 30990000, '2020-01-06 05:22:33', '2020-01-16 05:22:33', 0, 31490000, 17, 13, 0, 2, 100000, 0, 0, 0, 4),
(47, 'Android Tivi Sony 4K 85 inch KD-85X9500G - Hàng chính hãng', 12, '<h3 class=\"product-table-title\">TH&Ocirc;NG TIN CHI TIẾT</h3>\r\n<div class=\"white-panel\">\r\n<div class=\"attribute-table multi-table\">&nbsp;</div>\r\n<table id=\"chi-tiet\" class=\"table table-bordered table-detail table-striped\" cellspacing=\"0\"><colgroup><col /><col /></colgroup>\r\n<tbody>\r\n<tr>\r\n<td>Thương hiệu</td>\r\n<td class=\"last\">&nbsp;</td>\r\n</tr>\r\n<tr>\r\n<td>K&iacute;ch thước c&oacute; ch&acirc;n/đặt b&agrave;n</td>\r\n<td class=\"last\">Ngang 191 cm - Cao 117.9 cm - D&agrave;y 41.2 cm</td>\r\n</tr>\r\n<tr>\r\n<td>Khối lượng c&oacute; ch&acirc;n</td>\r\n<td class=\"last\">49 kg</td>\r\n</tr>\r\n<tr>\r\n<td>K&iacute;ch thước kh&ocirc;ng ch&acirc;n/treo tường</td>\r\n<td class=\"last\">Ngang 191 cm - Cao 109.9 cm - D&agrave;y 7.3 cm</td>\r\n</tr>\r\n<tr>\r\n<td>Khối lượng kh&ocirc;ng ch&acirc;n</td>\r\n<td class=\"last\">46 kg</td>\r\n</tr>\r\n<tr>\r\n<td>Năm ra mắt</td>\r\n<td class=\"last\">2019</td>\r\n</tr>\r\n<tr>\r\n<td>&nbsp;</td>\r\n<td class=\"last\">&nbsp;</td>\r\n</tr>\r\n<tr>\r\n<td>Model</td>\r\n<td class=\"last\">KD-85X9500G</td>\r\n</tr>\r\n<tr>\r\n<td>Loại Tivi</td>\r\n<td class=\"last\">Android Tivi</td>\r\n</tr>\r\n<tr>\r\n<td>K&iacute;ch thước m&agrave;n h&igrave;nh</td>\r\n<td class=\"last\">85 inch</td>\r\n</tr>\r\n<tr>\r\n<td>Độ ph&acirc;n giải m&agrave;n h&igrave;nh</td>\r\n<td class=\"last\">Ultra HD 4K (3840 x 2160)</td>\r\n</tr>\r\n<tr>\r\n<td>Xem 3D</td>\r\n<td class=\"last\">Kh&ocirc;ng</td>\r\n</tr>\r\n<tr>\r\n<td>Tivi kỹ thuật số (DVB-T2)</td>\r\n<td class=\"last\">C&oacute;</td>\r\n</tr>\r\n<tr>\r\n<td>C&ocirc;ng nghệ xử l&yacute; h&igrave;nh ảnh</td>\r\n<td class=\"last\">X-Wide View Angel, 4K X1 Ultimate, Super Bit Mapping 4K HDR, HLG, Dolby Vision, X-tended Dynamic Range PRO 6x, HDR10, Live Colour, Precision Colour Mapping, 4K X-Reality PRO, TRILUMINOS Display</td>\r\n</tr>\r\n<tr>\r\n<td>C&ocirc;ng nghệ &acirc;m thanh</td>\r\n<td class=\"last\">Acoustic Multi-Audio, Loa Tweeter, S-Force Front Surround</td>\r\n</tr>\r\n<tr>\r\n<td>Tổng c&ocirc;ng suất loa</td>\r\n<td class=\"last\">20W (2 loa mỗi loa 10W)</td>\r\n</tr>\r\n<tr>\r\n<td>Số lượng loa</td>\r\n<td class=\"last\">2</td>\r\n</tr>\r\n<tr>\r\n<td>Wifi</td>\r\n<td class=\"last\">C&oacute;</td>\r\n</tr>\r\n<tr>\r\n<td>Cổng internet (LAN)</td>\r\n<td class=\"last\">C&oacute;</td>\r\n</tr>\r\n<tr>\r\n<td>Cổng HDMI</td>\r\n<td class=\"last\">4 cổng</td>\r\n</tr>\r\n<tr>\r\n<td>Composite video</td>\r\n<td class=\"last\">C&oacute;</td>\r\n</tr>\r\n<tr>\r\n<td>USB</td>\r\n<td class=\"last\">3 cổng</td>\r\n</tr>\r\n<tr>\r\n<td>Phim</td>\r\n<td class=\"last\">MKV, MOV, VOB, M4V, FLV, AVI, 3GP, WMV, MP4, DivX HD</td>\r\n</tr>\r\n<tr>\r\n<td>Phụ đề Phim</td>\r\n<td class=\"last\">SRT</td>\r\n</tr>\r\n<tr>\r\n<td>H&igrave;nh ảnh</td>\r\n<td class=\"last\">GIF, PNG, JPG, JPEG</td>\r\n</tr>\r\n<tr>\r\n<td>&Acirc;m Thanh</td>\r\n<td class=\"last\">AC3, WAV, WMA, FLAC, MIDI, M4A, MP3, MPA</td>\r\n</tr>\r\n<tr>\r\n<td>Hệ điều h&agrave;nh, giao diện</td>\r\n<td class=\"last\">Android 8.0</td>\r\n</tr>\r\n<tr>\r\n<td>C&aacute;c ứng dụng sẵn c&oacute;</td>\r\n<td class=\"last\">Youtube, Google Play, Netflix, Tr&igrave;nh duyệt web</td>\r\n</tr>\r\n<tr>\r\n<td>C&aacute;c ứng dụng phổ biến c&oacute; thể tải th&ecirc;m</td>\r\n<td class=\"last\">FPT Play, Clip TV, Nhaccuatui, Zing TV, Zing Mp3, Fim+, MyTV, Spotify, VTV Go...</td>\r\n</tr>\r\n<tr>\r\n<td>Remote th&ocirc;ng minh</td>\r\n<td class=\"last\">C&oacute;</td>\r\n</tr>\r\n<tr>\r\n<td>Điều khiển tivi bằng điện thoại</td>\r\n<td class=\"last\">Bằng ứng dụng Video &amp; TV SideView</td>\r\n</tr>\r\n<tr>\r\n<td>Kết nối kh&ocirc;ng d&acirc;y với điện thoại, m&aacute;y t&iacute;nh bảng</td>\r\n<td class=\"last\">Chiếu m&agrave;n h&igrave;nh Chromecast, Chiếu m&agrave;n h&igrave;nh AirPlay qua ứng dụng AirScreen, Chiếu m&agrave;n h&igrave;nh Screen Mirroring</td>\r\n</tr>\r\n<tr>\r\n<td>Kết nối b&agrave;n ph&iacute;m, chuột</td>\r\n<td class=\"last\">C&oacute;</td>\r\n</tr>\r\n<tr>\r\n<td>Tương t&aacute;c th&ocirc;ng minh</td>\r\n<td class=\"last\">Trợ l&yacute; ảo Google Assistant, T&igrave;m kiếm bằng giọng n&oacute;i (c&oacute; hỗ trợ tiếng Việt)</td>\r\n</tr>\r\n</tbody>\r\n</table>\r\n<h5>Thiết kế sang trọng, đẹp mắt</h5>\r\n<p><strong>Android Tivi Sony 4K 85 inch KD-85X9500G</strong>&nbsp;c&oacute; ki&ecirc;̉u dáng thanh lịch, tinh t&ecirc;́ mang đậm n&eacute;t đặc trưng của tivi Sony.</p>\r\n<p><img src=\"https://salt.tikicdn.com/ts/tmp/89/69/e5/e071c270cd35570ab71d80f7bb57698b.jpg\" alt=\"Android Tivi Sony 4K 85 inch KD-85X9500G - H&agrave;ng ch&iacute;nh h&atilde;ng\" width=\"750\" height=\"416\" /></p>\r\n</div>', 94890000, '2020-01-06 05:25:04', '2020-01-16 05:25:04', 0, 95690000, 17, 12, 0, 3, 100000, 0, 0, 0, 4),
(48, 'Internet Tivi LG 43 inch Full HD 43LV640S - Hàng Chính Hãng', 12, '<h5>Thiết kế tinh tế</h5>\r\n<p><strong>Smart Tivi LG 43 inch Full HD 43LV640S</strong>&nbsp;sở hữu thiết kế đơn giản v&agrave; tinh tế g&oacute;p phần tăng t&iacute;nh thẩm mỹ của kh&ocirc;ng gian căn ph&ograve;ng của bạn. Sản phẩm th&iacute;ch hợp đặt ở ph&ograve;ng kh&aacute;ch, ph&ograve;ng l&agrave;m việc,</p>\r\n<h5>Quản l&yacute; nội dung th&ocirc;ng minh</h5>\r\n<p>Kh&ocirc;ng cần th&ecirc;m PC, bạn c&oacute; thể dễ d&agrave;ng tạo nội dung th&ocirc;ng qua c&aacute;c mẫu t&iacute;ch hợp sẵn v&agrave; c&oacute; thể ph&aacute;t nội dung theo thiết lập của tr&igrave;nh quản l&yacute; lịch tr&igrave;nh.</p>\r\n<p><img src=\"https://vcdn.tikicdn.com/ts/product/c8/ef/bb/4dea83cd4213d9ce7d8306cfaf3e5f27.jpg\" alt=\"\" width=\"750\" height=\"500\" /></p>\r\n<h5><strong>Nội dung th&ocirc;ng minh phong ph&uacute;</strong></h5>\r\n<p>Kh&aacute;ch h&agrave;ng c&oacute; thể truy cập dễ d&agrave;ng nhiều nội dung kh&aacute;c nhau th&ocirc;ng qua ứng dụng YouTube đ&atilde; c&agrave;i đặt sẵn, tr&igrave;nh duyệt web cũng như k&ecirc;nh trực tiếp.</p>\r\n<p><img src=\"https://vcdn.tikicdn.com/ts/product/ea/0a/db/32be216ab11fabf034b9eef849599b2e.jpg\" alt=\"\" width=\"750\" height=\"500\" /></p>\r\n<h5>Kết nối th&ocirc;ng minh SmartShare</h5>\r\n<p>SmartShare cho ph&eacute;p người d&ugrave;ng chia sẻ nội dung dễ d&agrave;ng v&agrave; nhanh hơn. Ứng dụng cũng t&igrave;m kiếm nội dung họ muốn để chia sẻ dễ d&agrave;ng v&agrave; ch&iacute;nh x&aacute;c hơn, nhờ đ&oacute; đơn giản h&oacute;a qu&aacute; tr&igrave;nh chia sẻ giữa c&aacute;c thiết bị kh&aacute;c nhau.</p>\r\n<p><img src=\"https://vcdn.tikicdn.com/ts/product/dd/e9/64/efddb5b98cad2eb63d164dcbc8f84ec4.jpg\" alt=\"\" width=\"750\" height=\"500\" /></p>\r\n<p>ScreenShare cho ph&eacute;p kết nối điện thoại th&ocirc;ng minh hoặc m&aacute;y t&iacute;nh x&aacute;ch tay PC với TV th&ocirc;ng qua kết nối Wi-Fi Direct. TV sẽ hiển thị m&agrave;n h&igrave;nh của thiết bị v&agrave; người d&ugrave;ng c&oacute; thể c&ugrave;ng nhau chia sẻ nội dung.</p>\r\n<p><img src=\"https://vcdn.tikicdn.com/ts/product/5a/30/fb/8e343389bf7bf056b11d0669bdafb21f.jpg\" alt=\"\" width=\"750\" height=\"501\" /></p>', 5990000, '2020-01-06 05:40:23', '2020-01-16 05:40:23', 0, 6030000, 17, 16, 0, 1, 10000, 0, 0, 0, 4),
(49, 'Điện Thoại OPPO F7 (64GB/4GB) - Hàng Chính Hãng', 7, '<h5 dir=\"ltr\">Thiết kế tr&agrave;n viền \"tai thỏ\"</h5>\r\n<p><strong>Điện Thoại Oppo F7 (64GB/4GB)</strong>&nbsp;tiếp tục xu hướng m&agrave;n h&igrave;nh tr&agrave;n viền tr&ecirc;n d&ograve;ng điện thoại OPPO với c&aacute;c cạnh m&aacute;y ở mặt trước được l&agrave;m mỏng, gọn cho trải nghiệm sử dụng ho&agrave;n to&agrave;n mới v&agrave; kh&aacute;c biệt so với phong c&aacute;ch truyền thống. Vẫn l&agrave; sự sang trọng v&agrave; đầy t&iacute;nh thời trang trong thiết kế của OPPO, OPPO F7 kho&aacute;c l&ecirc;n m&igrave;nh c&aacute;c đường n&eacute;t đầy tinh tế v&agrave; quyến rũ. Đồng thời cũng rất mỏng v&agrave; vỏ nhựa nhẹ nh&agrave;ng. Mặt trước phủ k&iacute;nh cường lực với phong c&aacute;ch vuốt cong 2.5D thời thượng. C&aacute;c g&oacute;c cạnh được bo cong cầm nắm dễ d&agrave;ng.</p>\r\n<h5 dir=\"ltr\">M&agrave;n h&igrave;nh si&ecirc;u tr&agrave;n 6.23\" FHD+</h5>\r\n<p dir=\"ltr\">OPPO F7 sở hữu m&agrave;n h&igrave;nh LCD 6.23 inch với độ ph&acirc;n giải 2280 x 1080 k&egrave;m tỷ lệ khung h&igrave;nh 19:9 cho trải nghiệm xem phim hay chơi game tuyệt vời hơn. C&ocirc;ng nghệ m&agrave;n h&igrave;nh IPS với độ ph&acirc;n giải đạt Full HD+ sẽ l&agrave;m h&agrave;i l&ograve;ng nhu cầu sử dụng của bạn.</p>\r\n<p dir=\"ltr\"><img src=\"https://vcdn.tikicdn.com/ts/tmp/f8/96/fd/e4f2aa6c4d639b77b63be88c98bdbf7a.jpg\" alt=\"\" width=\"900\" height=\"332\" /></p>\r\n<h5 dir=\"ltr\">Chuy&ecirc;n gia chụp ảnh tr&iacute; tuệ nh&acirc;n tạo với camera trước 25MP</h5>\r\n<p dir=\"ltr\">Ứng dụng tr&iacute; tuệ nh&acirc;n tạo AI v&agrave;o trong c&ocirc;ng nghệ l&agrave;m đẹp của OPPO F7 cho khả năng chụp ảnh \"c&agrave;ng chụp c&agrave;ng đẹp\" bổ sung cho c&ocirc;ng nghệ l&agrave;m đẹp trứ danh của h&atilde;ng. Camera trước 25MP ch&iacute;nh l&agrave; điểm nhấn của d&ograve;ng điện thoại n&agrave;y, camera sau 16MP sắc n&eacute;t với chế độ x&oacute;a ph&ocirc;ng ch&acirc;n dung v&agrave; rất nhiều chế độ chụp ảnh dễ d&agrave;ng v&agrave; ti&ecirc;n tiến kh&aacute;c.</p>\r\n<p dir=\"ltr\"><img src=\"https://vcdn.tikicdn.com/ts/tmp/f4/8c/25/daf54dde91258cd966635e03a7d89c20.jpg\" alt=\"\" width=\"900\" height=\"471\" /></p>\r\n<h5 dir=\"ltr\">Cấu h&igrave;nh mạnh mẽ</h5>\r\n<p dir=\"ltr\">OPPO F7 được trang bị cấu h&igrave;nh phần cứng mạnh mẽ nhờ vi xử l&yacute; MediaTek P60 với 8 nh&acirc;n xử l&yacute; tốc độ 2.0 GHz. Đặc biệt nhất l&agrave; bộ nhớ RAM l&ecirc;n 4GB đa nhiệm rất tốt, bộ nhớ trong đạt 64GB. T&iacute;ch hợp hệ điều h&agrave;nh Color OS 5.0 tr&ecirc;n nền Android 8.1 với giao diện cực đẹp mắt, b&oacute;ng bẩy v&agrave; t&ugrave;y biến theo sở th&iacute;ch c&aacute; nh&acirc;n dễ d&agrave;ng.</p>\r\n<p dir=\"ltr\"><img src=\"https://vcdn.tikicdn.com/ts/tmp/3a/7e/c6/cd77fbeab75c04dbfaf4e07b8bc5a1d7.jpg\" alt=\"\" width=\"900\" height=\"335\" /></p>\r\n<h5 dir=\"ltr\">Bảo mật v&acirc;n tay v&agrave; khu&ocirc;n mặt</h5>\r\n<p dir=\"ltr\">OPPO F7 cũng sở hữu 2 c&ocirc;ng nghệ bảo mật nổi bật nhất hiện nay tr&ecirc;n smartphone l&agrave; nhận diện khu&ocirc;n mặt Facial Unlock v&agrave; v&acirc;n tay. Tốc độ nhận diện rất nhanh v&agrave; kh&aacute; ch&iacute;nh x&aacute;c.</p>\r\n<p dir=\"ltr\"><img src=\"https://vcdn.tikicdn.com/ts/tmp/d8/94/cd/8d638026c054650c9bb158ae86aff6b8.jpg\" alt=\"\" width=\"900\" height=\"356\" /></p>\r\n<h5 dir=\"ltr\">Thời lượng pin kh&aacute;</h5>\r\n<p dir=\"ltr\">Vi&ecirc;n pin dung lượng 3400 mAh tr&ecirc;n OPPO F7 cho thời gian sử dụng kh&aacute; với c&aacute;c chế độ tối ưu tiết kiệm pin.</p>\r\n<h5 dir=\"ltr\">Mặt lưng &aacute;nh gương kỳ ảo</h5>\r\n<p dir=\"ltr\">Mặt lưng sang trọng bắt mắt nhờ sự kết hợp tinh tế giữa &aacute;nh s&aacute;ng v&agrave; m&agrave;u sắc.</p>\r\n<p dir=\"ltr\"><img src=\"https://vcdn.tikicdn.com/ts/tmp/4a/6f/cb/fe7baf23dae5e86d7608726167169e98.jpg\" alt=\"\" width=\"900\" height=\"380\" /></p>', 3690000, '2020-01-06 06:12:02', '2020-01-16 06:12:02', 0, 3700000, 17, 12, 0, 1, 10000, 0, 0, 0, 4),
(50, 'Điện Thoại Nokia 105 Single Sim (2019) - Hàng Chính Hãng', 7, '<table id=\"chi-tiet\" class=\"table table-bordered table-detail table-striped\" cellspacing=\"0\"><colgroup><col /><col /></colgroup>\r\n<tbody>\r\n<tr>\r\n<td>Thương hiệu</td>\r\n<td class=\"last\"><a href=\"http://tiki.vn/thuong-hieu/nokia.html\">Nokia</a></td>\r\n</tr>\r\n<tr>\r\n<td>Xuất xứ thương hiệu</td>\r\n<td class=\"last\">Trung Quốc</td>\r\n</tr>\r\n<tr>\r\n<td>Nơi sản xuất</td>\r\n<td class=\"last\">Trung Quốc</td>\r\n</tr>\r\n<tr>\r\n<td>Phụ kiện đi k&egrave;m</td>\r\n<td class=\"last\">Đang cập nhật</td>\r\n</tr>\r\n<tr>\r\n<td>SKU</td>\r\n<td class=\"last\">7139436320222</td>\r\n</tr>\r\n<tr>\r\n<td>Loại / C&ocirc;ng nghệ m&agrave;n h&igrave;nh</td>\r\n<td class=\"last\">TFT</td>\r\n</tr>\r\n<tr>\r\n<td>Trọng lượng</td>\r\n<td class=\"last\">73 g</td>\r\n</tr>\r\n<tr>\r\n<td>K&iacute;ch thước</td>\r\n<td class=\"last\">\r\n<p>D&agrave;i 111.9 mm - Ngang 49.2 mm - D&agrave;y 14.4 mm</p>\r\n</td>\r\n</tr>\r\n<tr>\r\n<td>Dung lượng pin (mAh)</td>\r\n<td class=\"last\">800 mAh</td>\r\n</tr>\r\n<tr>\r\n<td>Loại pin</td>\r\n<td class=\"last\">Pin chuẩn Li-Ion</td>\r\n</tr>\r\n<tr>\r\n<td>Pin c&oacute; thể th&aacute;o rời</td>\r\n<td class=\"last\">C&oacute;</td>\r\n</tr>\r\n<tr>\r\n<td>Số khe sim</td>\r\n<td class=\"last\">1</td>\r\n</tr>\r\n<tr>\r\n<td>Loại Sim</td>\r\n<td class=\"last\">Sim Thường</td>\r\n</tr>\r\n<tr>\r\n<td>Cổng sạc</td>\r\n<td class=\"last\">Micro USB</td>\r\n</tr>\r\n<tr>\r\n<td>Jack tai nghe</td>\r\n<td class=\"last\">3.5 mm</td>\r\n</tr>\r\n<tr>\r\n<td>FM radio</td>\r\n<td class=\"last\">Kh&ocirc;ng</td>\r\n</tr>\r\n</tbody>\r\n</table>', 329000, '2020-01-06 06:35:53', '2020-01-16 06:35:53', 0, 332000, 17, 15, 0, 1, 1000, 0, 0, 0, 4),
(51, 'Loa Soundbar 2.1 Kênh Samsung HW-K350 - Hàng Chính Hãng', 11, '<h5>Thiết kế hiện đại v&agrave; tinh tế</h5>\r\n<p><strong>Loa Thanh Soundbar Samsung K350</strong>&nbsp;gồm một loa bass v&agrave; 1 thanh loa thiết kế nguy&ecirc;n khối sang trọng với m&agrave;u đen mạnh mẽ. Thiết bị c&oacute; kiểu d&aacute;ng đẹp mắt, g&oacute;p phần tạo điểm nhấn cho kh&ocirc;ng gian nh&agrave; bạn. Trọng lượng loa kh&aacute; nhẹ n&ecirc;n bạn c&oacute; thể dễ d&agrave;ng di chuyển đến nhiều nơi.</p>\r\n<p><img title=\"Loa Bluetooth Altec Lansing H2O (Xanh Biển) &ndash; H&agrave;ng Nhập Khẩu\" src=\"https://tikicdn.com/media/catalog/product/6/_/6.u4939.d20170821.t140625.404971.jpg\" alt=\"Loa Bluetooth Altec Lansing H2O (Xanh Biển) &ndash; H&agrave;ng Nhập Khẩu\" width=\"750\" height=\"401\" /></p>\r\n<h5>Chất lượng &acirc;m thanh cực tốt</h5>\r\n<p>Loa Samsung K350 hoạt động với hệ thống loa 2.1, hoạt động với c&ocirc;ng suất 150W sẽ mang đến cho bạn những gi&acirc;y ph&uacute;t thưởng thức &acirc;m nhạc tuyệt vời. Điểm nổi bật của loa&nbsp; ch&iacute;nh l&agrave; &acirc;m trầm. Bộ loa n&agrave;y c&oacute; thể ph&aacute;t ra những &acirc;m thanh si&ecirc;u trầm mạnh mẽ, &acirc;m bass cực mạnh d&ugrave; đ&oacute; l&agrave; những bản ballad nhẹ nh&agrave;ng hay nhạc dance s&ocirc;i động. Bộ loa sẽ đưa bạn đ&aacute;m ch&igrave;m v&agrave;o thế giới &acirc;m nhạc đầy l&ocirc;i cuốn.</p>\r\n<h5>Chất liệu bến bỉ</h5>\r\n<p>Loa thanh Samsung HW-K350 được l&agrave;m từ chất liệu bền bỉ, cao cấp. Lớp vỏ ngo&agrave;i c&oacute; khả năng chống b&aacute;m bụi tốt, bảo vệ hiệu quả c&aacute;c linh kiện b&ecirc;n trong, gi&uacute;p tăng tuổi thọ của loa.</p>\r\n<h5>Kết nối đa dạng</h5>\r\n<p>Chiếc loa n&agrave;y c&oacute; thể kết nối ới nhiều thiết bị bằng cổng USB, cổng Optical v&agrave; đặc biệt l&agrave; khả năng kết nối bằng bluetooth gi&uacute;p bạn c&oacute; thể thưởng thức &acirc;m nhạc bất cứ l&uacute;c n&agrave;o bạn th&iacute;ch. Giờ đ&acirc;y bạn chỉ cần một thao t&aacute;c nhanh gọn tr&ecirc;n smartphone l&agrave; đ&atilde; c&oacute; thể khởi động hệ thống &acirc;m thanh v&agrave; điều khiển loa th&ocirc;ng qua kết nối Bluetooth. Bộ loa sẽ nhanh ch&oacute;ng nhận ra thiết bị của bạn trong những lần kết nối sau, gi&uacute;p bạn c&oacute; thể thưởng thức &acirc;m nhạc bất cứ l&uacute;c n&agrave;o bạn th&iacute;ch.</p>\r\n<p><img title=\"Loa Bluetooth Altec Lansing H2O (Xanh Biển) &ndash; H&agrave;ng Nhập Khẩu\" src=\"https://tikicdn.com/media/catalog/product/7/_/7.u4939.d20170821.t140625.443593.jpg\" alt=\"Loa Bluetooth Altec Lansing H2O (Xanh Biển) &ndash; H&agrave;ng Nhập Khẩu\" width=\"750\" height=\"794\" /></p>', 1490000, '2020-01-06 06:41:54', '2020-01-16 06:41:54', 0, 1500000, 17, 12, 0, 1, 10000, 0, 0, 0, 4),
(52, 'Máy Quay Canon EOS C100 MK II - Hàng Chính Hãng', 11, '<br>- <span class = \"fa fa-pencil\"></span> 06-01-2020:<br><table id=\"chi-tiet\" class=\"table table-bordered table-detail table-striped\" cellspacing=\"0\"><colgroup><col /><col /></colgroup>\r\n<tbody>\r\n<tr>\r\n<td>Thương hiệu</td>\r\n<td class=\"last\"><a href=\"http://tiki.vn/thuong-hieu/canon.html\">Canon</a></td>\r\n</tr>\r\n<tr>\r\n<td>Model</td>\r\n<td class=\"last\">C100 MK II</td>\r\n</tr>\r\n<tr>\r\n<td>Trọng lượng</td>\r\n<td class=\"last\">Body only: 1.0 kg</td>\r\n</tr>\r\n<tr>\r\n<td>Loại / C&ocirc;ng nghệ m&agrave;n h&igrave;nh</td>\r\n<td class=\"last\">OLED</td>\r\n</tr>\r\n<tr>\r\n<td>Bộ cảm biến ảnh</td>\r\n<td class=\"last\">Super 35mm 8.3MP CMOS Sensor</td>\r\n</tr>\r\n<tr>\r\n<td>Thẻ nhớ tương th&iacute;ch</td>\r\n<td class=\"last\">2 khe cắm thẻ SDHC/SDXC Media Card Slots</td>\r\n</tr>\r\n<tr>\r\n<td>SKU</td>\r\n<td class=\"last\">5627649569443</td>\r\n</tr>\r\n</tbody>\r\n</table>', 89000000, '2020-01-06 06:46:30', '2020-01-16 06:46:30', 0, 89600000, 17, 11, 0, 3, 100000, 0, 0, 0, 4),
(53, 'Máy tính', 9, '<h5>Thiết kế kiểu d&aacute;ng cứng c&aacute;p</h5>\r\n<p>Laptop HP Pavilion 15-cs2033TU 6YZ14PA&nbsp;được thiết kế kiểu d&aacute;ng cứng c&aacute;p với bốn g&oacute;c cạnh được bo tr&ograve;n vừa phải, mang đến vẻ đẹp mạnh mẽ v&agrave; đẳng cấp cho chiếc m&aacute;y, cùng với vẻ ngo&agrave;i đơn giản m&agrave; cứng c&aacute;p, ch&acirc;́t li&ecirc;̣u vỏ nh&ocirc;m cao c&acirc;́p tạo cảm gi&aacute;c chắc tay cho người d&ugrave;ng khi cầm nắm, dễ d&agrave;ng bỏ v&agrave;o t&uacute;i x&aacute;ch để mang theo mọi l&uacute;c mọi nơi.</p>\r\n<p><img src=\"https://salt.tikicdn.com/ts/tmp/77/14/e9/fcc567b71546b9b910272abf4bd7a3b8.jpg\" alt=\"Laptop HP Pavilion 15-cs0103TX 4SQ43PAS Core i7-8550U/Win10 (15.6&quot; FHD) - H&agrave;ng Ch&iacute;nh H&atilde;ng\" width=\"750\" height=\"500\" /></p>\r\n<h5>M&agrave;n h&igrave;nh WLED-backlit 15.6 inch&nbsp;Full HD</h5>\r\n<p>Được trang bị m&agrave;n h&igrave;nh SVA BrightView WLED-backlit 15.6 inch độ ph&acirc;n giải Full HD (1920 x 1080) n&ecirc;n cho chất lượng hiển thị kh&aacute; tốt khi h&igrave;nh ảnh được hiển thị sắc n&eacute;t, độ chi tiết cao v&agrave; m&agrave;u sắc trung thực ở khoảng c&aacute;ch sử dụng th&ocirc;ng thường của người d&ugrave;ng.</p>\r\n<p><img src=\"https://salt.tikicdn.com/ts/tmp/2f/3a/bc/53e91bc0b2434071761ad50e2abb2376.jpg\" alt=\"\" width=\"750\" height=\"499\" /></p>\r\n<h5>Bộ vi xử l&yacute; Intel Core i5</h5>\r\n<p>Được trang bị vi xử l&yacute;&nbsp;Intel Core i5-8265U xung nhịp 3.9GHz đi k&egrave;m l&agrave; dung lượng RAM 4GB DDR4-2666MHz, ổ cứng 1TB HDD 5400rpm laptop đ&aacute;p ứng tốt nhu cầu sử dụng hằng ng&agrave;y của người d&ugrave;ng. M&aacute;y c&oacute; thể xử l&yacute; mượt m&agrave; v&agrave; trơn tru tất cả c&aacute;c t&aacute;c vụ thường ng&agrave;y của người d&ugrave;ng như duyệt web, xem phim,&hellip;</p>\r\n<p><img src=\"https://salt.tikicdn.com/ts/tmp/5c/63/59/54019dc155e37ffad3b54fae88ae996a.jpg\" alt=\"\" width=\"750\" height=\"499\" /></p>', 12000000, '2020-01-07 11:28:52', '2020-01-17 11:28:52', 0, 12000000, 18, 0, 0, 0, 100000, 0, 0, 0, 3);

-- --------------------------------------------------------

--
-- Table structure for table `wishlist`
--

CREATE TABLE `wishlist` (
  `Id` int(11) NOT NULL,
  `IdSanPham` int(11) NOT NULL,
  `TenSanPham` varchar(255) COLLATE utf8mb4_unicode_ci NOT NULL,
  `NgayHetHan` datetime DEFAULT NULL,
  `GiaHienTai` int(11) NOT NULL,
  `IdNguoiDung` int(11) NOT NULL
) ENGINE=InnoDB DEFAULT CHARSET=utf8mb4 COLLATE=utf8mb4_unicode_ci;

--
-- Dumping data for table `wishlist`
--

INSERT INTO `wishlist` (`Id`, `IdSanPham`, `TenSanPham`, `NgayHetHan`, `GiaHienTai`, `IdNguoiDung`) VALUES
(1, 21, 'Điện Thoại iPhone 11 Pro Max 64GB - Hàng Chính Hãng', '2020-01-16 02:45:08', 30450000, 12),
(2, 22, 'Điện Thoại iPhone 11 128GB - Hàng Chính Hãng', '2020-01-16 02:52:36', 23290000, 12),
(3, 22, 'Điện Thoại iPhone 11 128GB - Hàng Chính Hãng', '2020-01-16 02:52:36', 23290000, 12),
(4, 23, 'Apple Macbook Air 2018 Core i5/ 8GB/ 256GB - Nhập Khẩu Chính Hãng', '2020-01-16 02:58:49', 30790000, 12),
(5, 21, 'Điện Thoại iPhone 11 Pro Max 64GB - Hàng Chính Hãng', '2020-01-16 02:45:08', 30450000, 12),
(6, 24, 'Laptop Asus ASUSPRO B9440UA-GV0488T Core i7-8550U/ Win10 (14\" FHD IPS) - Hàng Chính Hãng', '2020-01-16 03:01:48', 23239000, 12),
(7, 26, 'Màng lọc âm micro livestream, thu âm', '2020-01-16 03:15:13', 530000, 12),
(8, 25, 'Loa Vi Tính Microlab B51 2.0 (4W) - Hàng Chính Hãng', '2020-01-16 03:11:44', 250000, 12),
(9, 30, 'Điện Thoại Samsung Galaxy A9 (2018) - Hàng Chính Hãng - Đã Kích Hoạt Bảo Hành Điện Tử', '2020-01-16 03:34:49', 7080000, 12),
(10, 35, 'Máy Ảnh Selfie Lấy Liền Fujifilm Instax Mini 9 - Ice Blue - Hàng Chính Hãng', '2020-01-16 04:05:08', 1610000, 12),
(11, 29, 'Điện Thoại Samsung Galaxy M30s (64GB/4GB) - Hàng Chính Hãng', '2020-01-16 03:32:24', 4870000, 12),
(12, 29, 'Điện Thoại Samsung Galaxy M30s (64GB/4GB) - Hàng Chính Hãng', '2020-01-16 03:32:24', 4870000, 12),
(13, 30, 'Điện Thoại Samsung Galaxy A9 (2018) - Hàng Chính Hãng - Đã Kích Hoạt Bảo Hành Điện Tử', '2020-01-16 03:34:49', 7080000, 12),
(14, 22, 'Điện Thoại iPhone 11 128GB - Hàng Chính Hãng', '2020-01-16 02:52:36', 23290000, 15),
(15, 24, 'Laptop Asus ASUSPRO B9440UA-GV0488T Core i7-8550U/ Win10 (14\" FHD IPS) - Hàng Chính Hãng', '2020-01-16 03:01:48', 23239000, 15),
(16, 24, 'Laptop Asus ASUSPRO B9440UA-GV0488T Core i7-8550U/ Win10 (14\" FHD IPS) - Hàng Chính Hãng', '2020-01-16 03:01:48', 23239000, 15),
(17, 34, 'Laptop ASUS ROG Strix G G731-VEV089T', '2020-01-16 04:03:18', 39100000, 15),
(18, 27, 'Máy Ảnh Canon 750D + Lens 18-55 IS STM (Lê Bảo Minh) - Hàng Chính hãng', '2020-01-16 03:17:31', 12800000, 15),
(19, 26, 'Màng lọc âm micro livestream, thu âm', '2020-01-16 03:15:13', 530000, 15),
(20, 22, 'Điện Thoại iPhone 11 128GB - Hàng Chính Hãng', '2020-01-16 02:52:36', 23290000, 12);



-- --------------------------------------------------------

--
-- Table structure for table `wishlist`
--

CREATE TABLE `binhluan` (
  `id` int(10) unsigned NOT NULL AUTO_INCREMENT,
  `nguoidung_id` int(10) unsigned NOT NULL,
  `sanpham_id` int(10) unsigned NOT NULL,
  `binhluan` varchar(2000) COLLATE utf8mb4_unicode_ci NOT NULL,
  PRIMARY KEY (`id`)
) ENGINE=InnoDB DEFAULT CHARSET=utf8mb4 COLLATE=utf8mb4_unicode_ci;






-- Indexes for dumped tables
--

--
-- Indexes for table `danhmuc`
--
ALTER TABLE `danhmuc`
  ADD PRIMARY KEY (`IdDanhMuc`);

--
-- Indexes for table `daugia`
--
ALTER TABLE `daugia`
  ADD PRIMARY KEY (`Id`);

--
-- Indexes for table `nangcap`
--
ALTER TABLE `nangcap`
  ADD PRIMARY KEY (`IdNangCap`);

--
-- Indexes for table `nguoidung`
--
ALTER TABLE `nguoidung`
  ADD PRIMARY KEY (`IdNguoiDung`);

--
-- Indexes for table `quyendaugia`
--
ALTER TABLE `quyendaugia`
  ADD PRIMARY KEY (`Id`);

--
-- Indexes for table `sanpham`
--
ALTER TABLE `sanpham`
  ADD PRIMARY KEY (`IdSanPham`);

--
-- Indexes for table `wishlist`
--
ALTER TABLE `wishlist`
  ADD PRIMARY KEY (`Id`);

--
-- AUTO_INCREMENT for dumped tables
--

--
-- AUTO_INCREMENT for table `danhmuc`
--
ALTER TABLE `danhmuc`
  MODIFY `IdDanhMuc` int(11) NOT NULL AUTO_INCREMENT, AUTO_INCREMENT=67;

--
-- AUTO_INCREMENT for table `daugia`
--
ALTER TABLE `daugia`
  MODIFY `Id` int(11) NOT NULL AUTO_INCREMENT, AUTO_INCREMENT=84;

--
-- AUTO_INCREMENT for table `nangcap`
--
ALTER TABLE `nangcap`
  MODIFY `IdNangCap` int(11) NOT NULL AUTO_INCREMENT, AUTO_INCREMENT=6;

--
-- AUTO_INCREMENT for table `nguoidung`
--
ALTER TABLE `nguoidung`
  MODIFY `IdNguoiDung` int(11) NOT NULL AUTO_INCREMENT, AUTO_INCREMENT=21;

--
-- AUTO_INCREMENT for table `quyendaugia`
--
ALTER TABLE `quyendaugia`
  MODIFY `Id` int(11) NOT NULL AUTO_INCREMENT, AUTO_INCREMENT=21;

--
-- AUTO_INCREMENT for table `sanpham`
--
ALTER TABLE `sanpham`
  MODIFY `IdSanPham` int(11) NOT NULL AUTO_INCREMENT, AUTO_INCREMENT=54;

--
-- AUTO_INCREMENT for table `wishlist`
--
ALTER TABLE `wishlist`
  MODIFY `Id` int(11) NOT NULL AUTO_INCREMENT, AUTO_INCREMENT=21;
COMMIT;

/*!40101 SET CHARACTER_SET_CLIENT=@OLD_CHARACTER_SET_CLIENT */;
/*!40101 SET CHARACTER_SET_RESULTS=@OLD_CHARACTER_SET_RESULTS */;
/*!40101 SET COLLATION_CONNECTION=@OLD_COLLATION_CONNECTION */;
